DateTime,Consumption kWh,Off-peak,Mid-peak,On-peak
11/25/2011 01:00:00,0.39,1,0,0
11/25/2011 02:00:00,0.33,1,0,0
11/25/2011 03:00:00,0.27,1,0,0
11/25/2011 04:00:00,0.29,1,0,0
11/25/2011 05:00:00,0.29,1,0,0
11/25/2011 06:00:00,0.29,1,0,0
11/25/2011 07:00:00,0.28,1,0,0
11/25/2011 08:00:00,0.31,0,0,1
11/25/2011 09:00:00,0.33,0,0,1
11/25/2011 10:00:00,0.48,0,0,1
11/25/2011 11:00:00,0.47,0,0,1
11/25/2011 12:00:00,0.47,0,1,0
11/25/2011 13:00:00,0.48,0,1,0
11/25/2011 14:00:00,0.42,0,1,0
11/25/2011 15:00:00,0.34,0,1,0
11/25/2011 16:00:00,0.36,0,1,0
11/25/2011 17:00:00,0.3,0,1,0
11/25/2011 18:00:00,0.32,0,0,1
11/25/2011 19:00:00,0.3,0,0,1
11/25/2011 20:00:00,0.39,1,0,0
11/25/2011 21:00:00,0.36,1,0,0
11/25/2011 22:00:00,0.39,1,0,0
11/25/2011 23:00:00,0.37,1,0,0
11/25/2011 00:00:00,0.3,1,0,0
11/26/2011 01:00:00,0.3,1,0,0
11/26/2011 02:00:00,0.26,1,0,0
11/26/2011 03:00:00,0.27,1,0,0
11/26/2011 04:00:00,0.27,1,0,0
11/26/2011 05:00:00,0.29,1,0,0
11/26/2011 06:00:00,0.28,1,0,0
11/26/2011 07:00:00,0.26,1,0,0
11/26/2011 08:00:00,0.27,1,0,0
11/26/2011 09:00:00,0.29,1,0,0
11/26/2011 10:00:00,0.29,1,0,0
11/26/2011 11:00:00,0.3,1,0,0
11/26/2011 12:00:00,0.26,1,0,0
11/26/2011 13:00:00,2.35,1,0,0
11/26/2011 14:00:00,0.65,1,0,0
11/26/2011 15:00:00,0.32,1,0,0
11/26/2011 16:00:00,0.35,1,0,0
11/26/2011 17:00:00,0.42,1,0,0
11/26/2011 18:00:00,0.35,1,0,0
11/26/2011 19:00:00,0.33,1,0,0
11/26/2011 20:00:00,0.33,1,0,0
11/26/2011 21:00:00,0.32,1,0,0
11/26/2011 22:00:00,0.31,1,0,0
11/26/2011 23:00:00,0.31,1,0,0
11/26/2011 00:00:00,0.3,1,0,0
11/27/2011 01:00:00,0.32,1,0,0
11/27/2011 02:00:00,0.31,1,0,0
11/27/2011 03:00:00,0.26,1,0,0
11/27/2011 04:00:00,0.29,1,0,0
11/27/2011 05:00:00,0.28,1,0,0
11/27/2011 06:00:00,0.27,1,0,0
11/27/2011 07:00:00,0.27,1,0,0
11/27/2011 08:00:00,0.26,1,0,0
11/27/2011 09:00:00,0.28,1,0,0
11/27/2011 10:00:00,1.57,1,0,0
11/27/2011 11:00:00,4.19,1,0,0
11/27/2011 12:00:00,0.41,1,0,0
11/27/2011 13:00:00,0.38,1,0,0
11/27/2011 14:00:00,0.29,1,0,0
11/27/2011 15:00:00,0.34,1,0,0
11/27/2011 16:00:00,0.3,1,0,0
11/27/2011 17:00:00,0.27,1,0,0
11/27/2011 18:00:00,0.26,1,0,0
11/27/2011 19:00:00,0.47,1,0,0
11/27/2011 20:00:00,0.3,1,0,0
11/27/2011 21:00:00,0.3,1,0,0
11/27/2011 22:00:00,0.69,1,0,0
11/27/2011 23:00:00,0.73,1,0,0
11/27/2011 00:00:00,0.37,1,0,0
11/28/2011 01:00:00,0.31,1,0,0
11/28/2011 02:00:00,0.31,1,0,0
11/28/2011 03:00:00,0.29,1,0,0
11/28/2011 04:00:00,0.29,1,0,0
11/28/2011 05:00:00,0.32,1,0,0
11/28/2011 06:00:00,0.29,1,0,0
11/28/2011 07:00:00,0.32,1,0,0
11/28/2011 08:00:00,0.36,0,0,1
11/28/2011 09:00:00,0.38,0,0,1
11/28/2011 10:00:00,2.54,0,0,1
11/28/2011 11:00:00,0.52,0,0,1
11/28/2011 12:00:00,0.37,0,1,0
11/28/2011 13:00:00,0.31,0,1,0
11/28/2011 14:00:00,0.26,0,1,0
11/28/2011 15:00:00,0.31,0,1,0
11/28/2011 16:00:00,0.36,0,1,0
11/28/2011 17:00:00,0.32,0,1,0
11/28/2011 18:00:00,0.3,0,0,1
11/28/2011 19:00:00,0.37,0,0,1
11/28/2011 20:00:00,0.56,1,0,0
11/28/2011 21:00:00,0.45,1,0,0
11/28/2011 22:00:00,0.42,1,0,0
11/28/2011 23:00:00,0.52,1,0,0
11/28/2011 00:00:00,0.41,1,0,0
11/29/2011 01:00:00,0.3,1,0,0
11/29/2011 02:00:00,0.3,1,0,0
11/29/2011 03:00:00,0.3,1,0,0
11/29/2011 04:00:00,0.29,1,0,0
11/29/2011 05:00:00,0.3,1,0,0
11/29/2011 06:00:00,0.27,1,0,0
11/29/2011 07:00:00,0.4,1,0,0
11/29/2011 08:00:00,0.31,0,0,1
11/29/2011 09:00:00,0.26,0,0,1
11/29/2011 10:00:00,0.28,0,0,1
11/29/2011 11:00:00,0.27,0,0,1
11/29/2011 12:00:00,0.39,0,1,0
11/29/2011 13:00:00,0.41,0,1,0
11/29/2011 14:00:00,0.39,0,1,0
11/29/2011 15:00:00,0.41,0,1,0
11/29/2011 16:00:00,0.38,0,1,0
11/29/2011 17:00:00,0.37,0,1,0
11/29/2011 18:00:00,0.48,0,0,1
11/29/2011 19:00:00,0.5,0,0,1
11/29/2011 20:00:00,0.41,1,0,0
11/29/2011 21:00:00,0.5,1,0,0
11/29/2011 22:00:00,0.47,1,0,0
11/29/2011 23:00:00,0.43,1,0,0
11/29/2011 00:00:00,0.44,1,0,0
11/30/2011 01:00:00,0.35,1,0,0
11/30/2011 02:00:00,0.31,1,0,0
11/30/2011 03:00:00,0.3,1,0,0
11/30/2011 04:00:00,0.3,1,0,0
11/30/2011 05:00:00,0.31,1,0,0
11/30/2011 06:00:00,0.3,1,0,0
11/30/2011 07:00:00,0.32,1,0,0
11/30/2011 08:00:00,0.33,0,0,1
11/30/2011 09:00:00,0.27,0,0,1
11/30/2011 10:00:00,0.43,0,0,1
11/30/2011 11:00:00,0.36,0,0,1
11/30/2011 12:00:00,0.35,0,1,0
11/30/2011 13:00:00,0.38,0,1,0
11/30/2011 14:00:00,0.35,0,1,0
11/30/2011 15:00:00,0.34,0,1,0
11/30/2011 16:00:00,0.37,0,1,0
11/30/2011 17:00:00,0.38,0,1,0
11/30/2011 18:00:00,0.7,0,0,1
11/30/2011 19:00:00,0.44,0,0,1
11/30/2011 20:00:00,0.5,1,0,0
11/30/2011 21:00:00,0.7,1,0,0
11/30/2011 22:00:00,0.63,1,0,0
11/30/2011 23:00:00,0.62,1,0,0
11/30/2011 00:00:00,0.41,1,0,0
12/01/2011 01:00:00,0.31,1,0,0
12/01/2011 02:00:00,0.29,1,0,0
12/01/2011 03:00:00,0.28,1,0,0
12/01/2011 04:00:00,0.3,1,0,0
12/01/2011 05:00:00,0.3,1,0,0
12/01/2011 06:00:00,0.3,1,0,0
12/01/2011 07:00:00,0.37,1,0,0
12/01/2011 08:00:00,0.29,0,0,1
12/01/2011 09:00:00,0.34,0,0,1
12/01/2011 10:00:00,0.36,0,0,1
12/01/2011 11:00:00,0.34,0,0,1
12/01/2011 12:00:00,1.26,0,1,0
12/01/2011 13:00:00,0.59,0,1,0
12/01/2011 14:00:00,0.24,0,1,0
12/01/2011 15:00:00,0.28,0,1,0
12/01/2011 16:00:00,0.33,0,1,0
12/01/2011 17:00:00,0.32,0,1,0
12/01/2011 18:00:00,0.5,0,0,1
12/01/2011 19:00:00,0.48,0,0,1
12/01/2011 20:00:00,0.51,1,0,0
12/01/2011 21:00:00,0.46,1,0,0
12/01/2011 22:00:00,0.45,1,0,0
12/01/2011 23:00:00,0.43,1,0,0
12/01/2011 00:00:00,0.52,1,0,0
12/02/2011 01:00:00,0.35,1,0,0
12/02/2011 02:00:00,0.31,1,0,0
12/02/2011 03:00:00,0.27,1,0,0
12/02/2011 04:00:00,0.3,1,0,0
12/02/2011 05:00:00,0.31,1,0,0
12/02/2011 06:00:00,0.29,1,0,0
12/02/2011 07:00:00,0.28,1,0,0
12/02/2011 08:00:00,0.36,0,0,1
12/02/2011 09:00:00,0.33,0,0,1
12/02/2011 10:00:00,0.44,0,0,1
12/02/2011 11:00:00,0.42,0,0,1
12/02/2011 12:00:00,0.67,0,1,0
12/02/2011 13:00:00,0.43,0,1,0
12/02/2011 14:00:00,0.52,0,1,0
12/02/2011 15:00:00,0.35,0,1,0
12/02/2011 16:00:00,0.45,0,1,0
12/02/2011 17:00:00,0.38,0,1,0
12/02/2011 18:00:00,0.32,0,0,1
12/02/2011 19:00:00,0.3,0,0,1
12/02/2011 20:00:00,0.36,1,0,0
12/02/2011 21:00:00,0.33,1,0,0
12/02/2011 22:00:00,0.46,1,0,0
12/02/2011 23:00:00,0.36,1,0,0
12/02/2011 00:00:00,0.32,1,0,0
12/03/2011 01:00:00,0.31,1,0,0
12/03/2011 02:00:00,0.28,1,0,0
12/03/2011 03:00:00,0.3,1,0,0
12/03/2011 04:00:00,0.33,1,0,0
12/03/2011 05:00:00,0.32,1,0,0
12/03/2011 06:00:00,0.3,1,0,0
12/03/2011 07:00:00,0.31,1,0,0
12/03/2011 08:00:00,0.29,1,0,0
12/03/2011 09:00:00,0.39,1,0,0
12/03/2011 10:00:00,0.38,1,0,0
12/03/2011 11:00:00,0.34,1,0,0
12/03/2011 12:00:00,0.34,1,0,0
12/03/2011 13:00:00,0.32,1,0,0
12/03/2011 14:00:00,0.3,1,0,0
12/03/2011 15:00:00,0.28,1,0,0
12/03/2011 16:00:00,0.26,1,0,0
12/03/2011 17:00:00,0.3,1,0,0
12/03/2011 18:00:00,0.26,1,0,0
12/03/2011 19:00:00,0.38,1,0,0
12/03/2011 20:00:00,0.35,1,0,0
12/03/2011 21:00:00,0.46,1,0,0
12/03/2011 22:00:00,0.44,1,0,0
12/03/2011 23:00:00,0.4,1,0,0
12/03/2011 00:00:00,0.37,1,0,0
12/04/2011 01:00:00,0.33,1,0,0
12/04/2011 02:00:00,0.29,1,0,0
12/04/2011 03:00:00,0.27,1,0,0
12/04/2011 04:00:00,0.3,1,0,0
12/04/2011 05:00:00,0.31,1,0,0
12/04/2011 06:00:00,0.28,1,0,0
12/04/2011 07:00:00,0.28,1,0,0
12/04/2011 08:00:00,0.26,1,0,0
12/04/2011 09:00:00,0.38,1,0,0
12/04/2011 10:00:00,0.37,1,0,0
12/04/2011 11:00:00,0.32,1,0,0
12/04/2011 12:00:00,0.29,1,0,0
12/04/2011 13:00:00,0.32,1,0,0
12/04/2011 14:00:00,0.35,1,0,0
12/04/2011 15:00:00,0.3,1,0,0
12/04/2011 16:00:00,0.34,1,0,0
12/04/2011 17:00:00,2,1,0,0
12/04/2011 18:00:00,4.79,1,0,0
12/04/2011 19:00:00,0.62,1,0,0
12/04/2011 20:00:00,2.15,1,0,0
12/04/2011 21:00:00,1.51,1,0,0
12/04/2011 22:00:00,3.05,1,0,0
12/04/2011 23:00:00,0.39,1,0,0
12/04/2011 00:00:00,0.41,1,0,0
12/05/2011 01:00:00,0.33,1,0,0
12/05/2011 02:00:00,0.27,1,0,0
12/05/2011 03:00:00,0.26,1,0,0
12/05/2011 04:00:00,0.28,1,0,0
12/05/2011 05:00:00,0.41,1,0,0
12/05/2011 06:00:00,0.28,1,0,0
12/05/2011 07:00:00,0.3,1,0,0
12/05/2011 08:00:00,0.37,0,0,1
12/05/2011 09:00:00,0.26,0,0,1
12/05/2011 10:00:00,0.36,0,0,1
12/05/2011 11:00:00,0.35,0,0,1
12/05/2011 12:00:00,0.4,0,1,0
12/05/2011 13:00:00,0.4,0,1,0
12/05/2011 14:00:00,0.35,0,1,0
12/05/2011 15:00:00,0.35,0,1,0
12/05/2011 16:00:00,0.42,0,1,0
12/05/2011 17:00:00,0.36,0,1,0
12/05/2011 18:00:00,0.31,0,0,1
12/05/2011 19:00:00,0.38,0,0,1
12/05/2011 20:00:00,0.54,1,0,0
12/05/2011 21:00:00,0.51,1,0,0
12/05/2011 22:00:00,0.46,1,0,0
12/05/2011 23:00:00,0.36,1,0,0
12/05/2011 00:00:00,0.31,1,0,0
12/06/2011 01:00:00,0.3,1,0,0
12/06/2011 02:00:00,0.27,1,0,0
12/06/2011 03:00:00,0.28,1,0,0
12/06/2011 04:00:00,0.31,1,0,0
12/06/2011 05:00:00,0.3,1,0,0
12/06/2011 06:00:00,0.28,1,0,0
12/06/2011 07:00:00,0.31,1,0,0
12/06/2011 08:00:00,0.34,0,0,1
12/06/2011 09:00:00,0.28,0,0,1
12/06/2011 10:00:00,1.11,0,0,1
12/06/2011 11:00:00,1.62,0,0,1
12/06/2011 12:00:00,0.93,0,1,0
12/06/2011 13:00:00,0.36,0,1,0
12/06/2011 14:00:00,0.27,0,1,0
12/06/2011 15:00:00,0.34,0,1,0
12/06/2011 16:00:00,0.5,0,1,0
12/06/2011 17:00:00,0.35,0,1,0
12/06/2011 18:00:00,0.4,0,0,1
12/06/2011 19:00:00,0.48,0,0,1
12/06/2011 20:00:00,0.46,1,0,0
12/06/2011 21:00:00,0.45,1,0,0
12/06/2011 22:00:00,0.5,1,0,0
12/06/2011 23:00:00,0.48,1,0,0
12/06/2011 00:00:00,0.41,1,0,0
12/07/2011 01:00:00,0.33,1,0,0
12/07/2011 02:00:00,0.28,1,0,0
12/07/2011 03:00:00,0.29,1,0,0
12/07/2011 04:00:00,0.3,1,0,0
12/07/2011 05:00:00,0.31,1,0,0
12/07/2011 06:00:00,0.28,1,0,0
12/07/2011 07:00:00,0.4,1,0,0
12/07/2011 08:00:00,0.29,0,0,1
12/07/2011 09:00:00,0.27,0,0,1
12/07/2011 10:00:00,0.33,0,0,1
12/07/2011 11:00:00,0.36,0,0,1
12/07/2011 12:00:00,1.82,0,1,0
12/07/2011 13:00:00,0.37,0,1,0
12/07/2011 14:00:00,0.29,0,1,0
12/07/2011 15:00:00,0.33,0,1,0
12/07/2011 16:00:00,0.39,0,1,0
12/07/2011 17:00:00,0.34,0,1,0
12/07/2011 18:00:00,0.43,0,0,1
12/07/2011 19:00:00,0.39,0,0,1
12/07/2011 20:00:00,0.37,1,0,0
12/07/2011 21:00:00,0.44,1,0,0
12/07/2011 22:00:00,0.43,1,0,0
12/07/2011 23:00:00,0.54,1,0,0
12/07/2011 00:00:00,0.4,1,0,0
12/08/2011 01:00:00,0.32,1,0,0
12/08/2011 02:00:00,0.3,1,0,0
12/08/2011 03:00:00,0.38,1,0,0
12/08/2011 04:00:00,0.31,1,0,0
12/08/2011 05:00:00,0.3,1,0,0
12/08/2011 06:00:00,0.29,1,0,0
12/08/2011 07:00:00,0.38,1,0,0
12/08/2011 08:00:00,0.28,0,0,1
12/08/2011 09:00:00,0.3,0,0,1
12/08/2011 10:00:00,0.34,0,0,1
12/08/2011 11:00:00,1.15,0,0,1
12/08/2011 12:00:00,1.36,0,1,0
12/08/2011 13:00:00,0.32,0,1,0
12/08/2011 14:00:00,0.27,0,1,0
12/08/2011 15:00:00,0.29,0,1,0
12/08/2011 16:00:00,0.4,0,1,0
12/08/2011 17:00:00,0.36,0,1,0
12/08/2011 18:00:00,0.43,0,0,1
12/08/2011 19:00:00,0.42,0,0,1
12/08/2011 20:00:00,0.31,1,0,0
12/08/2011 21:00:00,0.36,1,0,0
12/08/2011 22:00:00,0.41,1,0,0
12/08/2011 23:00:00,0.4,1,0,0
12/08/2011 00:00:00,0.32,1,0,0
12/09/2011 01:00:00,0.28,1,0,0
12/09/2011 02:00:00,0.27,1,0,0
12/09/2011 03:00:00,0.25,1,0,0
12/09/2011 04:00:00,0.29,1,0,0
12/09/2011 05:00:00,0.29,1,0,0
12/09/2011 06:00:00,0.26,1,0,0
12/09/2011 07:00:00,0.33,1,0,0
12/09/2011 08:00:00,0.34,0,0,1
12/09/2011 09:00:00,0.28,0,0,1
12/09/2011 10:00:00,0.4,0,0,1
12/09/2011 11:00:00,0.33,0,0,1
12/09/2011 12:00:00,0.39,0,1,0
12/09/2011 13:00:00,0.4,0,1,0
12/09/2011 14:00:00,0.27,0,1,0
12/09/2011 15:00:00,0.34,0,1,0
12/09/2011 16:00:00,0.42,0,1,0
12/09/2011 17:00:00,0.37,0,1,0
12/09/2011 18:00:00,0.32,0,0,1
12/09/2011 19:00:00,0.29,0,0,1
12/09/2011 20:00:00,0.34,1,0,0
12/09/2011 21:00:00,0.28,1,0,0
12/09/2011 22:00:00,0.29,1,0,0
12/09/2011 23:00:00,0.31,1,0,0
12/09/2011 00:00:00,0.3,1,0,0
12/10/2011 01:00:00,0.31,1,0,0
12/10/2011 02:00:00,0.27,1,0,0
12/10/2011 03:00:00,0.26,1,0,0
12/10/2011 04:00:00,0.28,1,0,0
12/10/2011 05:00:00,0.28,1,0,0
12/10/2011 06:00:00,0.27,1,0,0
12/10/2011 07:00:00,0.28,1,0,0
12/10/2011 08:00:00,0.38,1,0,0
12/10/2011 09:00:00,0.41,1,0,0
12/10/2011 10:00:00,0.47,1,0,0
12/10/2011 11:00:00,3.63,1,0,0
12/10/2011 12:00:00,0.42,1,0,0
12/10/2011 13:00:00,0.36,1,0,0
12/10/2011 14:00:00,0.47,1,0,0
12/10/2011 15:00:00,0.31,1,0,0
12/10/2011 16:00:00,0.3,1,0,0
12/10/2011 17:00:00,3.73,1,0,0
12/10/2011 18:00:00,0.59,1,0,0
12/10/2011 19:00:00,0.5,1,0,0
12/10/2011 20:00:00,0.32,1,0,0
12/10/2011 21:00:00,0.32,1,0,0
12/10/2011 22:00:00,0.32,1,0,0
12/10/2011 23:00:00,0.3,1,0,0
12/10/2011 00:00:00,0.32,1,0,0
12/11/2011 01:00:00,0.31,1,0,0
12/11/2011 02:00:00,0.28,1,0,0
12/11/2011 03:00:00,0.27,1,0,0
12/11/2011 04:00:00,0.37,1,0,0
12/11/2011 05:00:00,0.3,1,0,0
12/11/2011 06:00:00,0.28,1,0,0
12/11/2011 07:00:00,0.28,1,0,0
12/11/2011 08:00:00,0.3,1,0,0
12/11/2011 09:00:00,0.52,1,0,0
12/11/2011 10:00:00,0.52,1,0,0
12/11/2011 11:00:00,0.44,1,0,0
12/11/2011 12:00:00,0.36,1,0,0
12/11/2011 13:00:00,0.25,1,0,0
12/11/2011 14:00:00,0.28,1,0,0
12/11/2011 15:00:00,0.3,1,0,0
12/11/2011 16:00:00,0.4,1,0,0
12/11/2011 17:00:00,0.28,1,0,0
12/11/2011 18:00:00,0.37,1,0,0
12/11/2011 19:00:00,0.8,1,0,0
12/11/2011 20:00:00,0.68,1,0,0
12/11/2011 21:00:00,0.75,1,0,0
12/11/2011 22:00:00,0.67,1,0,0
12/11/2011 23:00:00,0.52,1,0,0
12/11/2011 00:00:00,0.39,1,0,0
12/12/2011 01:00:00,0.34,1,0,0
12/12/2011 02:00:00,0.28,1,0,0
12/12/2011 03:00:00,0.29,1,0,0
12/12/2011 04:00:00,0.28,1,0,0
12/12/2011 05:00:00,0.32,1,0,0
12/12/2011 06:00:00,0.28,1,0,0
12/12/2011 07:00:00,0.4,1,0,0
12/12/2011 08:00:00,0.35,0,0,1
12/12/2011 09:00:00,0.27,0,0,1
12/12/2011 10:00:00,3.33,0,0,1
12/12/2011 11:00:00,0.37,0,0,1
12/12/2011 12:00:00,0.36,0,1,0
12/12/2011 13:00:00,0.75,0,1,0
12/12/2011 14:00:00,0.35,0,1,0
12/12/2011 15:00:00,0.35,0,1,0
12/12/2011 16:00:00,0.35,0,1,0
12/12/2011 17:00:00,0.33,0,1,0
12/12/2011 18:00:00,0.31,0,0,1
12/12/2011 19:00:00,0.41,0,0,1
12/12/2011 20:00:00,0.89,1,0,0
12/12/2011 21:00:00,0.43,1,0,0
12/12/2011 22:00:00,0.54,1,0,0
12/12/2011 23:00:00,0.45,1,0,0
12/12/2011 00:00:00,0.44,1,0,0
12/13/2011 01:00:00,0.34,1,0,0
12/13/2011 02:00:00,0.27,1,0,0
12/13/2011 03:00:00,0.26,1,0,0
12/13/2011 04:00:00,0.32,1,0,0
12/13/2011 05:00:00,0.29,1,0,0
12/13/2011 06:00:00,0.28,1,0,0
12/13/2011 07:00:00,0.32,1,0,0
12/13/2011 08:00:00,0.33,0,0,1
12/13/2011 09:00:00,0.27,0,0,1
12/13/2011 10:00:00,0.32,0,0,1
12/13/2011 11:00:00,0.82,0,0,1
12/13/2011 12:00:00,1.46,0,1,0
12/13/2011 13:00:00,0.35,0,1,0
12/13/2011 14:00:00,0.27,0,1,0
12/13/2011 15:00:00,0.26,0,1,0
12/13/2011 16:00:00,0.35,0,1,0
12/13/2011 17:00:00,0.34,0,1,0
12/13/2011 18:00:00,0.46,0,0,1
12/13/2011 19:00:00,0.49,0,0,1
12/13/2011 20:00:00,0.4,1,0,0
12/13/2011 21:00:00,0.4,1,0,0
12/13/2011 22:00:00,0.5,1,0,0
12/13/2011 23:00:00,0.4,1,0,0
12/13/2011 00:00:00,0.39,1,0,0
12/14/2011 01:00:00,0.28,1,0,0
12/14/2011 02:00:00,0.29,1,0,0
12/14/2011 03:00:00,0.28,1,0,0
12/14/2011 04:00:00,0.28,1,0,0
12/14/2011 05:00:00,0.4,1,0,0
12/14/2011 06:00:00,0.31,1,0,0
12/14/2011 07:00:00,0.3,1,0,0
12/14/2011 08:00:00,0.33,0,0,1
12/14/2011 09:00:00,0.26,0,0,1
12/14/2011 10:00:00,0.32,0,0,1
12/14/2011 11:00:00,0.35,0,0,1
12/14/2011 12:00:00,0.53,0,1,0
12/14/2011 13:00:00,0.56,0,1,0
12/14/2011 14:00:00,0.33,0,1,0
12/14/2011 15:00:00,0.33,0,1,0
12/14/2011 16:00:00,0.39,0,1,0
12/14/2011 17:00:00,0.36,0,1,0
12/14/2011 18:00:00,0.45,0,0,1
12/14/2011 19:00:00,0.4,0,0,1
12/14/2011 20:00:00,0.48,1,0,0
12/14/2011 21:00:00,0.44,1,0,0
12/14/2011 22:00:00,0.56,1,0,0
12/14/2011 23:00:00,0.43,1,0,0
12/14/2011 00:00:00,0.37,1,0,0
12/15/2011 01:00:00,0.3,1,0,0
12/15/2011 02:00:00,0.27,1,0,0
12/15/2011 03:00:00,0.27,1,0,0
12/15/2011 04:00:00,0.31,1,0,0
12/15/2011 05:00:00,0.29,1,0,0
12/15/2011 06:00:00,0.28,1,0,0
12/15/2011 07:00:00,0.3,1,0,0
12/15/2011 08:00:00,0.33,0,0,1
12/15/2011 09:00:00,0.28,0,0,1
12/15/2011 10:00:00,0.34,0,0,1
12/15/2011 11:00:00,0.39,0,0,1
12/15/2011 12:00:00,0.47,0,1,0
12/15/2011 13:00:00,0.47,0,1,0
12/15/2011 14:00:00,0.37,0,1,0
12/15/2011 15:00:00,0.32,0,1,0
12/15/2011 16:00:00,0.38,0,1,0
12/15/2011 17:00:00,0.47,0,1,0
12/15/2011 18:00:00,0.62,0,0,1
12/15/2011 19:00:00,0.54,0,0,1
12/15/2011 20:00:00,0.37,1,0,0
12/15/2011 21:00:00,0.48,1,0,0
12/15/2011 22:00:00,0.45,1,0,0
12/15/2011 23:00:00,0.4,1,0,0
12/15/2011 00:00:00,0.39,1,0,0
12/16/2011 01:00:00,0.32,1,0,0
12/16/2011 02:00:00,0.27,1,0,0
12/16/2011 03:00:00,0.28,1,0,0
12/16/2011 04:00:00,0.3,1,0,0
12/16/2011 05:00:00,0.29,1,0,0
12/16/2011 06:00:00,0.28,1,0,0
12/16/2011 07:00:00,0.32,1,0,0
12/16/2011 08:00:00,0.33,0,0,1
12/16/2011 09:00:00,0.36,0,0,1
12/16/2011 10:00:00,0.37,0,0,1
12/16/2011 11:00:00,0.33,0,0,1
12/16/2011 12:00:00,0.35,0,1,0
12/16/2011 13:00:00,0.39,0,1,0
12/16/2011 14:00:00,0.4,0,1,0
12/16/2011 15:00:00,0.34,0,1,0
12/16/2011 16:00:00,0.25,0,1,0
12/16/2011 17:00:00,0.38,0,1,0
12/16/2011 18:00:00,0.31,0,0,1
12/16/2011 19:00:00,0.28,0,0,1
12/16/2011 20:00:00,0.34,1,0,0
12/16/2011 21:00:00,0.32,1,0,0
12/16/2011 22:00:00,0.41,1,0,0
12/16/2011 23:00:00,0.35,1,0,0
12/16/2011 00:00:00,0.32,1,0,0
12/17/2011 01:00:00,0.28,1,0,0
12/17/2011 02:00:00,0.29,1,0,0
12/17/2011 03:00:00,0.31,1,0,0
12/17/2011 04:00:00,0.29,1,0,0
12/17/2011 05:00:00,0.31,1,0,0
12/17/2011 06:00:00,0.29,1,0,0
12/17/2011 07:00:00,0.26,1,0,0
12/17/2011 08:00:00,0.38,1,0,0
12/17/2011 09:00:00,0.37,1,0,0
12/17/2011 10:00:00,0.34,1,0,0
12/17/2011 11:00:00,0.41,1,0,0
12/17/2011 12:00:00,0.3,1,0,0
12/17/2011 13:00:00,0.28,1,0,0
12/17/2011 14:00:00,0.28,1,0,0
12/17/2011 15:00:00,0.48,1,0,0
12/17/2011 16:00:00,0.43,1,0,0
12/17/2011 17:00:00,1.29,1,0,0
12/17/2011 18:00:00,3.74,1,0,0
12/17/2011 19:00:00,0.48,1,0,0
12/17/2011 20:00:00,0.29,1,0,0
12/17/2011 21:00:00,0.28,1,0,0
12/17/2011 22:00:00,0.3,1,0,0
12/17/2011 23:00:00,0.27,1,0,0
12/17/2011 00:00:00,0.3,1,0,0
12/18/2011 01:00:00,0.29,1,0,0
12/18/2011 02:00:00,0.31,1,0,0
12/18/2011 03:00:00,0.29,1,0,0
12/18/2011 04:00:00,0.27,1,0,0
12/18/2011 05:00:00,0.29,1,0,0
12/18/2011 06:00:00,0.26,1,0,0
12/18/2011 07:00:00,0.27,1,0,0
12/18/2011 08:00:00,0.72,1,0,0
12/18/2011 09:00:00,0.68,1,0,0
12/18/2011 10:00:00,0.53,1,0,0
12/18/2011 11:00:00,0.4,1,0,0
12/18/2011 12:00:00,1.47,1,0,0
12/18/2011 13:00:00,0.83,1,0,0
12/18/2011 14:00:00,0.59,1,0,0
12/18/2011 15:00:00,0.62,1,0,0
12/18/2011 16:00:00,0.61,1,0,0
12/18/2011 17:00:00,0.67,1,0,0
12/18/2011 18:00:00,0.94,1,0,0
12/18/2011 19:00:00,0.78,1,0,0
12/18/2011 20:00:00,3.35,1,0,0
12/18/2011 21:00:00,0.44,1,0,0
12/18/2011 22:00:00,0.42,1,0,0
12/18/2011 23:00:00,0.39,1,0,0
12/18/2011 00:00:00,0.39,1,0,0
12/19/2011 01:00:00,0.31,1,0,0
12/19/2011 02:00:00,0.28,1,0,0
12/19/2011 03:00:00,0.28,1,0,0
12/19/2011 04:00:00,0.31,1,0,0
12/19/2011 05:00:00,0.3,1,0,0
12/19/2011 06:00:00,0.29,1,0,0
12/19/2011 07:00:00,0.3,1,0,0
12/19/2011 08:00:00,0.32,0,0,1
12/19/2011 09:00:00,0.26,0,0,1
12/19/2011 10:00:00,0.35,0,0,1
12/19/2011 11:00:00,0.35,0,0,1
12/19/2011 12:00:00,1.56,0,1,0
12/19/2011 13:00:00,0.81,0,1,0
12/19/2011 14:00:00,0.35,0,1,0
12/19/2011 15:00:00,0.37,0,1,0
12/19/2011 16:00:00,0.43,0,1,0
12/19/2011 17:00:00,0.37,0,1,0
12/19/2011 18:00:00,0.29,0,0,1
12/19/2011 19:00:00,0.31,0,0,1
12/19/2011 20:00:00,0.67,1,0,0
12/19/2011 21:00:00,1.27,1,0,0
12/19/2011 22:00:00,1.08,1,0,0
12/19/2011 23:00:00,0.46,1,0,0
12/19/2011 00:00:00,0.35,1,0,0
12/20/2011 01:00:00,0.31,1,0,0
12/20/2011 02:00:00,0.29,1,0,0
12/20/2011 03:00:00,0.28,1,0,0
12/20/2011 04:00:00,0.3,1,0,0
12/20/2011 05:00:00,0.42,1,0,0
12/20/2011 06:00:00,0.38,1,0,0
12/20/2011 07:00:00,0.28,1,0,0
12/20/2011 08:00:00,0.28,0,0,1
12/20/2011 09:00:00,0.31,0,0,1
12/20/2011 10:00:00,0.38,0,0,1
12/20/2011 11:00:00,0.4,0,0,1
12/20/2011 12:00:00,0.34,0,1,0
12/20/2011 13:00:00,0.38,0,1,0
12/20/2011 14:00:00,0.29,0,1,0
12/20/2011 15:00:00,0.25,0,1,0
12/20/2011 16:00:00,0.35,0,1,0
12/20/2011 17:00:00,0.38,0,1,0
12/20/2011 18:00:00,0.59,0,0,1
12/20/2011 19:00:00,0.5,0,0,1
12/20/2011 20:00:00,0.5,1,0,0
12/20/2011 21:00:00,0.47,1,0,0
12/20/2011 22:00:00,0.42,1,0,0
12/20/2011 23:00:00,0.41,1,0,0
12/20/2011 00:00:00,0.41,1,0,0
12/21/2011 01:00:00,0.33,1,0,0
12/21/2011 02:00:00,0.3,1,0,0
12/21/2011 03:00:00,0.29,1,0,0
12/21/2011 04:00:00,0.29,1,0,0
12/21/2011 05:00:00,0.31,1,0,0
12/21/2011 06:00:00,0.28,1,0,0
12/21/2011 07:00:00,0.29,1,0,0
12/21/2011 08:00:00,0.4,0,0,1
12/21/2011 09:00:00,0.29,0,0,1
12/21/2011 10:00:00,0.39,0,0,1
12/21/2011 11:00:00,0.39,0,0,1
12/21/2011 12:00:00,1.82,0,1,0
12/21/2011 13:00:00,0.58,0,1,0
12/21/2011 14:00:00,0.3,0,1,0
12/21/2011 15:00:00,0.26,0,1,0
12/21/2011 16:00:00,0.42,0,1,0
12/21/2011 17:00:00,0.37,0,1,0
12/21/2011 18:00:00,0.31,0,0,1
12/21/2011 19:00:00,0.29,0,0,1
12/21/2011 20:00:00,0.28,1,0,0
12/21/2011 21:00:00,0.3,1,0,0
12/21/2011 22:00:00,0.27,1,0,0
12/21/2011 23:00:00,0.28,1,0,0
12/21/2011 00:00:00,0.28,1,0,0
12/22/2011 01:00:00,0.27,1,0,0
12/22/2011 02:00:00,0.3,1,0,0
12/22/2011 03:00:00,0.25,1,0,0
12/22/2011 04:00:00,0.29,1,0,0
12/22/2011 05:00:00,0.26,1,0,0
12/22/2011 06:00:00,0.26,1,0,0
12/22/2011 07:00:00,0.27,1,0,0
12/22/2011 08:00:00,0.29,0,0,1
12/22/2011 09:00:00,0.29,0,0,1
12/22/2011 10:00:00,0.35,0,0,1
12/22/2011 11:00:00,0.34,0,0,1
12/22/2011 12:00:00,0.35,0,1,0
12/22/2011 13:00:00,0.38,0,1,0
12/22/2011 14:00:00,0.34,0,1,0
12/22/2011 15:00:00,0.26,0,1,0
12/22/2011 16:00:00,0.33,0,1,0
12/22/2011 17:00:00,0.34,0,1,0
12/22/2011 18:00:00,0.35,0,0,1
12/22/2011 19:00:00,0.46,0,0,1
12/22/2011 20:00:00,0.38,1,0,0
12/22/2011 21:00:00,0.46,1,0,0
12/22/2011 22:00:00,1.64,1,0,0
12/22/2011 23:00:00,0.43,1,0,0
12/22/2011 00:00:00,0.42,1,0,0
12/23/2011 01:00:00,0.31,1,0,0
12/23/2011 02:00:00,0.31,1,0,0
12/23/2011 03:00:00,0.28,1,0,0
12/23/2011 04:00:00,0.38,1,0,0
12/23/2011 05:00:00,0.32,1,0,0
12/23/2011 06:00:00,0.28,1,0,0
12/23/2011 07:00:00,0.3,1,0,0
12/23/2011 08:00:00,0.37,0,0,1
12/23/2011 09:00:00,0.27,0,0,1
12/23/2011 10:00:00,0.36,0,0,1
12/23/2011 11:00:00,0.34,0,0,1
12/23/2011 12:00:00,0.32,0,1,0
12/23/2011 13:00:00,0.51,0,1,0
12/23/2011 14:00:00,0.33,0,1,0
12/23/2011 15:00:00,0.31,0,1,0
12/23/2011 16:00:00,0.38,0,1,0
12/23/2011 17:00:00,0.56,0,1,0
12/23/2011 18:00:00,0.89,0,0,1
12/23/2011 19:00:00,0.74,0,0,1
12/23/2011 20:00:00,0.68,1,0,0
12/23/2011 21:00:00,0.67,1,0,0
12/23/2011 22:00:00,1.04,1,0,0
12/23/2011 23:00:00,3.23,1,0,0
12/23/2011 00:00:00,1.4,1,0,0
12/24/2011 01:00:00,0.32,1,0,0
12/24/2011 02:00:00,0.29,1,0,0
12/24/2011 03:00:00,0.29,1,0,0
12/24/2011 04:00:00,0.3,1,0,0
12/24/2011 05:00:00,0.32,1,0,0
12/24/2011 06:00:00,0.28,1,0,0
12/24/2011 07:00:00,0.31,1,0,0
12/24/2011 08:00:00,0.29,1,0,0
12/24/2011 09:00:00,0.3,1,0,0
12/24/2011 10:00:00,0.35,1,0,0
12/24/2011 11:00:00,0.42,1,0,0
12/24/2011 12:00:00,0.27,1,0,0
12/24/2011 13:00:00,0.47,1,0,0
12/24/2011 14:00:00,3.66,1,0,0
12/24/2011 15:00:00,0.53,1,0,0
12/24/2011 16:00:00,1.45,1,0,0
12/24/2011 17:00:00,1,1,0,0
12/24/2011 18:00:00,0.66,1,0,0
12/24/2011 19:00:00,1.59,1,0,0
12/24/2011 20:00:00,2.09,1,0,0
12/24/2011 21:00:00,0.79,1,0,0
12/24/2011 22:00:00,0.66,1,0,0
12/24/2011 23:00:00,0.63,1,0,0
12/24/2011 00:00:00,0.71,1,0,0
12/25/2011 01:00:00,0.46,1,0,0
12/25/2011 02:00:00,0.31,1,0,0
12/25/2011 03:00:00,0.29,1,0,0
12/25/2011 04:00:00,0.32,1,0,0
12/25/2011 05:00:00,0.32,1,0,0
12/25/2011 06:00:00,0.29,1,0,0
12/25/2011 07:00:00,0.3,1,0,0
12/25/2011 08:00:00,0.3,1,0,0
12/25/2011 09:00:00,0.29,1,0,0
12/25/2011 10:00:00,0.37,1,0,0
12/25/2011 11:00:00,0.73,1,0,0
12/25/2011 12:00:00,0.4,1,0,0
12/25/2011 13:00:00,0.31,1,0,0
12/25/2011 14:00:00,0.27,1,0,0
12/25/2011 15:00:00,0.26,1,0,0
12/25/2011 16:00:00,0.28,1,0,0
12/25/2011 17:00:00,0.26,1,0,0
12/25/2011 18:00:00,0.27,1,0,0
12/25/2011 19:00:00,0.27,1,0,0
12/25/2011 20:00:00,0.28,1,0,0
12/25/2011 21:00:00,0.27,1,0,0
12/25/2011 22:00:00,0.28,1,0,0
12/25/2011 23:00:00,0.34,1,0,0
12/25/2011 00:00:00,0.42,1,0,0
12/26/2011 01:00:00,0.4,1,0,0
12/26/2011 02:00:00,0.31,1,0,0
12/26/2011 03:00:00,0.28,1,0,0
12/26/2011 04:00:00,0.3,1,0,0
12/26/2011 05:00:00,0.31,1,0,0
12/26/2011 06:00:00,0.28,1,0,0
12/26/2011 07:00:00,0.29,1,0,0
12/26/2011 08:00:00,0.28,1,0,0
12/26/2011 09:00:00,0.35,1,0,0
12/26/2011 10:00:00,0.87,1,0,0
12/26/2011 11:00:00,0.5,1,0,0
12/26/2011 12:00:00,0.62,1,0,0
12/26/2011 13:00:00,3.84,1,0,0
12/26/2011 14:00:00,1.6,1,0,0
12/26/2011 15:00:00,3,1,0,0
12/26/2011 16:00:00,0.27,1,0,0
12/26/2011 17:00:00,0.55,1,0,0
12/26/2011 18:00:00,0.67,1,0,0
12/26/2011 19:00:00,0.6,1,0,0
12/26/2011 20:00:00,0.48,1,0,0
12/26/2011 21:00:00,0.42,1,0,0
12/26/2011 22:00:00,0.59,1,0,0
12/26/2011 23:00:00,0.43,1,0,0
12/26/2011 00:00:00,0.44,1,0,0
12/27/2011 01:00:00,0.41,1,0,0
12/27/2011 02:00:00,0.35,1,0,0
12/27/2011 03:00:00,0.28,1,0,0
12/27/2011 04:00:00,0.31,1,0,0
12/27/2011 05:00:00,0.3,1,0,0
12/27/2011 06:00:00,0.32,1,0,0
12/27/2011 07:00:00,0.12,1,0,0
12/27/2011 08:00:00,0.12,1,0,0
12/27/2011 09:00:00,0.13,1,0,0
12/27/2011 10:00:00,0.16,1,0,0
12/27/2011 11:00:00,0.33,1,0,0
12/27/2011 12:00:00,0.27,1,0,0
12/27/2011 13:00:00,0.28,1,0,0
12/27/2011 14:00:00,0.31,1,0,0
12/27/2011 15:00:00,0.43,1,0,0
12/27/2011 16:00:00,0.37,1,0,0
12/27/2011 17:00:00,0.5,1,0,0
12/27/2011 18:00:00,1.2,1,0,0
12/27/2011 19:00:00,1.8,1,0,0
12/27/2011 20:00:00,0.46,1,0,0
12/27/2011 21:00:00,1.9,1,0,0
12/27/2011 22:00:00,0.77,1,0,0
12/27/2011 23:00:00,0.44,1,0,0
12/27/2011 00:00:00,0.46,1,0,0
12/28/2011 01:00:00,0.44,1,0,0
12/28/2011 02:00:00,0.38,1,0,0
12/28/2011 03:00:00,0.28,1,0,0
12/28/2011 04:00:00,0.28,1,0,0
12/28/2011 05:00:00,0.31,1,0,0
12/28/2011 06:00:00,0.26,1,0,0
12/28/2011 07:00:00,0.3,1,0,0
12/28/2011 08:00:00,0.36,0,0,1
12/28/2011 09:00:00,0.31,0,0,1
12/28/2011 10:00:00,1.47,0,0,1
12/28/2011 11:00:00,0.6,0,0,1
12/28/2011 12:00:00,0.35,0,1,0
12/28/2011 13:00:00,0.32,0,1,0
12/28/2011 14:00:00,0.34,0,1,0
12/28/2011 15:00:00,0.32,0,1,0
12/28/2011 16:00:00,0.33,0,1,0
12/28/2011 17:00:00,0.46,0,1,0
12/28/2011 18:00:00,0.31,0,0,1
12/28/2011 19:00:00,0.42,0,0,1
12/28/2011 20:00:00,0.33,1,0,0
12/28/2011 21:00:00,0.31,1,0,0
12/28/2011 22:00:00,0.32,1,0,0
12/28/2011 23:00:00,0.31,1,0,0
12/28/2011 00:00:00,0.38,1,0,0
12/29/2011 01:00:00,0.45,1,0,0
12/29/2011 02:00:00,0.31,1,0,0
12/29/2011 03:00:00,0.29,1,0,0
12/29/2011 04:00:00,0.3,1,0,0
12/29/2011 05:00:00,0.29,1,0,0
12/29/2011 06:00:00,0.29,1,0,0
12/29/2011 07:00:00,0.28,1,0,0
12/29/2011 08:00:00,0.3,0,0,1
12/29/2011 09:00:00,0.31,0,0,1
12/29/2011 10:00:00,0.32,0,0,1
12/29/2011 11:00:00,0.76,0,0,1
12/29/2011 12:00:00,0.84,0,1,0
12/29/2011 13:00:00,0.7,0,1,0
12/29/2011 14:00:00,0.65,0,1,0
12/29/2011 15:00:00,0.71,0,1,0
12/29/2011 16:00:00,0.74,0,1,0
12/29/2011 17:00:00,0.66,0,1,0
12/29/2011 18:00:00,0.7,0,0,1
12/29/2011 19:00:00,0.76,0,0,1
12/29/2011 20:00:00,0.66,1,0,0
12/29/2011 21:00:00,0.64,1,0,0
12/29/2011 22:00:00,0.63,1,0,0
12/29/2011 23:00:00,0.44,1,0,0
12/29/2011 00:00:00,0.36,1,0,0
12/30/2011 01:00:00,0.31,1,0,0
12/30/2011 02:00:00,0.31,1,0,0
12/30/2011 03:00:00,0.28,1,0,0
12/30/2011 04:00:00,0.26,1,0,0
12/30/2011 05:00:00,0.29,1,0,0
12/30/2011 06:00:00,0.28,1,0,0
12/30/2011 07:00:00,0.27,1,0,0
12/30/2011 08:00:00,0.27,0,0,1
12/30/2011 09:00:00,0.32,0,0,1
12/30/2011 10:00:00,0.5,0,0,1
12/30/2011 11:00:00,0.31,0,0,1
12/30/2011 12:00:00,0.26,0,1,0
12/30/2011 13:00:00,0.55,0,1,0
12/30/2011 14:00:00,0.37,0,1,0
12/30/2011 15:00:00,0.34,0,1,0
12/30/2011 16:00:00,0.66,0,1,0
12/30/2011 17:00:00,0.58,0,1,0
12/30/2011 18:00:00,0.44,0,0,1
12/30/2011 19:00:00,0.78,0,0,1
12/30/2011 20:00:00,0.55,1,0,0
12/30/2011 21:00:00,0.58,1,0,0
12/30/2011 22:00:00,0.47,1,0,0
12/30/2011 23:00:00,0.51,1,0,0
12/30/2011 00:00:00,0.53,1,0,0
12/31/2011 01:00:00,0.42,1,0,0
12/31/2011 02:00:00,0.32,1,0,0
12/31/2011 03:00:00,0.29,1,0,0
12/31/2011 04:00:00,0.29,1,0,0
12/31/2011 05:00:00,0.31,1,0,0
12/31/2011 06:00:00,0.29,1,0,0
12/31/2011 07:00:00,0.27,1,0,0
12/31/2011 08:00:00,0.29,1,0,0
12/31/2011 09:00:00,0.31,1,0,0
12/31/2011 10:00:00,0.37,1,0,0
12/31/2011 11:00:00,0.46,1,0,0
12/31/2011 12:00:00,0.26,1,0,0
12/31/2011 13:00:00,0.27,1,0,0
12/31/2011 14:00:00,1.99,1,0,0
12/31/2011 15:00:00,0.49,1,0,0
12/31/2011 16:00:00,0.48,1,0,0
12/31/2011 17:00:00,0.43,1,0,0
12/31/2011 18:00:00,1.04,1,0,0
12/31/2011 19:00:00,2.37,1,0,0
12/31/2011 20:00:00,0.34,1,0,0
12/31/2011 21:00:00,0.32,1,0,0
12/31/2011 22:00:00,0.29,1,0,0
12/31/2011 23:00:00,0.29,1,0,0
12/31/2011 00:00:00,0.31,1,0,0
01/01/2012 01:00:00,0.29,1,0,0
01/01/2012 02:00:00,0.35,1,0,0
01/01/2012 03:00:00,0.3,1,0,0
01/01/2012 04:00:00,0.29,1,0,0
01/01/2012 05:00:00,0.29,1,0,0
01/01/2012 06:00:00,0.3,1,0,0
01/01/2012 07:00:00,0.27,1,0,0
01/01/2012 08:00:00,0.28,1,0,0
01/01/2012 09:00:00,0.29,1,0,0
01/01/2012 10:00:00,0.52,1,0,0
01/01/2012 11:00:00,0.7,1,0,0
01/01/2012 12:00:00,0.7,1,0,0
01/01/2012 13:00:00,0.7,1,0,0
01/01/2012 14:00:00,0.83,1,0,0
01/01/2012 15:00:00,0.63,1,0,0
01/01/2012 16:00:00,0.43,1,0,0
01/01/2012 17:00:00,0.3,1,0,0
01/01/2012 18:00:00,0.77,1,0,0
01/01/2012 19:00:00,0.67,1,0,0
01/01/2012 20:00:00,0.59,1,0,0
01/01/2012 21:00:00,0.42,1,0,0
01/01/2012 22:00:00,0.49,1,0,0
01/01/2012 23:00:00,2.84,1,0,0
01/01/2012 00:00:00,0.4,1,0,0
01/02/2012 01:00:00,0.35,1,0,0
01/02/2012 02:00:00,0.29,1,0,0
01/02/2012 03:00:00,0.29,1,0,0
01/02/2012 04:00:00,0.31,1,0,0
01/02/2012 05:00:00,0.3,1,0,0
01/02/2012 06:00:00,0.3,1,0,0
01/02/2012 07:00:00,0.51,1,0,0
01/02/2012 08:00:00,0.48,1,0,0
01/02/2012 09:00:00,0.4,1,0,0
01/02/2012 10:00:00,0.4,1,0,0
01/02/2012 11:00:00,0.32,1,0,0
01/02/2012 12:00:00,0.3,1,0,0
01/02/2012 13:00:00,0.29,1,0,0
01/02/2012 14:00:00,0.5,1,0,0
01/02/2012 15:00:00,0.36,1,0,0
01/02/2012 16:00:00,0.34,1,0,0
01/02/2012 17:00:00,0.36,1,0,0
01/02/2012 18:00:00,1.88,1,0,0
01/02/2012 19:00:00,0.61,1,0,0
01/02/2012 20:00:00,0.49,1,0,0
01/02/2012 21:00:00,0.51,1,0,0
01/02/2012 22:00:00,0.52,1,0,0
01/02/2012 23:00:00,0.49,1,0,0
01/02/2012 00:00:00,0.46,1,0,0
01/03/2012 01:00:00,0.38,1,0,0
01/03/2012 02:00:00,0.32,1,0,0
01/03/2012 03:00:00,0.31,1,0,0
01/03/2012 04:00:00,0.3,1,0,0
01/03/2012 05:00:00,0.35,1,0,0
01/03/2012 06:00:00,0.3,1,0,0
01/03/2012 07:00:00,0.31,1,0,0
01/03/2012 08:00:00,0.4,0,0,1
01/03/2012 09:00:00,0.29,0,0,1
01/03/2012 10:00:00,0.34,0,0,1
01/03/2012 11:00:00,0.51,0,0,1
01/03/2012 12:00:00,0.43,0,1,0
01/03/2012 13:00:00,0.37,0,1,0
01/03/2012 14:00:00,0.29,0,1,0
01/03/2012 15:00:00,0.27,0,1,0
01/03/2012 16:00:00,0.29,0,1,0
01/03/2012 17:00:00,0.27,0,1,0
01/03/2012 18:00:00,0.45,0,0,1
01/03/2012 19:00:00,0.44,0,0,1
01/03/2012 20:00:00,0.52,1,0,0
01/03/2012 21:00:00,0.61,1,0,0
01/03/2012 22:00:00,0.56,1,0,0
01/03/2012 23:00:00,0.42,1,0,0
01/03/2012 00:00:00,0.41,1,0,0
01/04/2012 01:00:00,0.27,1,0,0
01/04/2012 02:00:00,0.28,1,0,0
01/04/2012 03:00:00,0.27,1,0,0
01/04/2012 04:00:00,0.3,1,0,0
01/04/2012 05:00:00,0.39,1,0,0
01/04/2012 06:00:00,0.3,1,0,0
01/04/2012 07:00:00,0.42,1,0,0
01/04/2012 08:00:00,0.44,0,0,1
01/04/2012 09:00:00,0.27,0,0,1
01/04/2012 10:00:00,0.5,0,0,1
01/04/2012 11:00:00,0.4,0,0,1
01/04/2012 12:00:00,0.51,0,1,0
01/04/2012 13:00:00,0.45,0,1,0
01/04/2012 14:00:00,0.28,0,1,0
01/04/2012 15:00:00,0.34,0,1,0
01/04/2012 16:00:00,0.36,0,1,0
01/04/2012 17:00:00,0.32,0,1,0
01/04/2012 18:00:00,0.56,0,0,1
01/04/2012 19:00:00,0.29,0,0,1
01/04/2012 20:00:00,0.3,1,0,0
01/04/2012 21:00:00,0.45,1,0,0
01/04/2012 22:00:00,0.65,1,0,0
01/04/2012 23:00:00,0.6,1,0,0
01/04/2012 00:00:00,0.44,1,0,0
01/05/2012 01:00:00,0.37,1,0,0
01/05/2012 02:00:00,0.41,1,0,0
01/05/2012 03:00:00,0.31,1,0,0
01/05/2012 04:00:00,0.3,1,0,0
01/05/2012 05:00:00,0.32,1,0,0
01/05/2012 06:00:00,0.31,1,0,0
01/05/2012 07:00:00,0.31,1,0,0
01/05/2012 08:00:00,0.3,0,0,1
01/05/2012 09:00:00,0.32,0,0,1
01/05/2012 10:00:00,0.48,0,0,1
01/05/2012 11:00:00,1.2,0,0,1
01/05/2012 12:00:00,1.01,0,1,0
01/05/2012 13:00:00,0.45,0,1,0
01/05/2012 14:00:00,0.43,0,1,0
01/05/2012 15:00:00,0.53,0,1,0
01/05/2012 16:00:00,0.45,0,1,0
01/05/2012 17:00:00,0.37,0,1,0
01/05/2012 18:00:00,0.47,0,0,1
01/05/2012 19:00:00,0.46,0,0,1
01/05/2012 20:00:00,0.47,1,0,0
01/05/2012 21:00:00,0.46,1,0,0
01/05/2012 22:00:00,0.45,1,0,0
01/05/2012 23:00:00,0.47,1,0,0
01/05/2012 00:00:00,0.45,1,0,0
01/06/2012 01:00:00,0.34,1,0,0
01/06/2012 02:00:00,0.3,1,0,0
01/06/2012 03:00:00,0.29,1,0,0
01/06/2012 04:00:00,0.32,1,0,0
01/06/2012 05:00:00,0.31,1,0,0
01/06/2012 06:00:00,0.3,1,0,0
01/06/2012 07:00:00,0.31,1,0,0
01/06/2012 08:00:00,0.41,0,0,1
01/06/2012 09:00:00,0.31,0,0,1
01/06/2012 10:00:00,0.38,0,0,1
01/06/2012 11:00:00,0.36,0,0,1
01/06/2012 12:00:00,0.39,0,1,0
01/06/2012 13:00:00,0.36,0,1,0
01/06/2012 14:00:00,0.31,0,1,0
01/06/2012 15:00:00,0.33,0,1,0
01/06/2012 16:00:00,0.45,0,1,0
01/06/2012 17:00:00,0.36,0,1,0
01/06/2012 18:00:00,0.3,0,0,1
01/06/2012 19:00:00,0.29,0,0,1
01/06/2012 20:00:00,0.4,1,0,0
01/06/2012 21:00:00,0.38,1,0,0
01/06/2012 22:00:00,0.48,1,0,0
01/06/2012 23:00:00,0.44,1,0,0
01/06/2012 00:00:00,0.45,1,0,0
01/07/2012 01:00:00,0.35,1,0,0
01/07/2012 02:00:00,0.31,1,0,0
01/07/2012 03:00:00,0.3,1,0,0
01/07/2012 04:00:00,0.31,1,0,0
01/07/2012 05:00:00,0.32,1,0,0
01/07/2012 06:00:00,0.3,1,0,0
01/07/2012 07:00:00,0.3,1,0,0
01/07/2012 08:00:00,0.29,1,0,0
01/07/2012 09:00:00,0.38,1,0,0
01/07/2012 10:00:00,0.5,1,0,0
01/07/2012 11:00:00,0.42,1,0,0
01/07/2012 12:00:00,0.28,1,0,0
01/07/2012 13:00:00,0.49,1,0,0
01/07/2012 14:00:00,0.43,1,0,0
01/07/2012 15:00:00,0.57,1,0,0
01/07/2012 16:00:00,3.71,1,0,0
01/07/2012 17:00:00,2.2,1,0,0
01/07/2012 18:00:00,0.56,1,0,0
01/07/2012 19:00:00,0.4,1,0,0
01/07/2012 20:00:00,0.59,1,0,0
01/07/2012 21:00:00,0.32,1,0,0
01/07/2012 22:00:00,0.33,1,0,0
01/07/2012 23:00:00,0.29,1,0,0
01/07/2012 00:00:00,0.32,1,0,0
01/08/2012 01:00:00,0.31,1,0,0
01/08/2012 02:00:00,0.32,1,0,0
01/08/2012 03:00:00,0.27,1,0,0
01/08/2012 04:00:00,0.29,1,0,0
01/08/2012 05:00:00,0.38,1,0,0
01/08/2012 06:00:00,0.27,1,0,0
01/08/2012 07:00:00,0.27,1,0,0
01/08/2012 08:00:00,0.26,1,0,0
01/08/2012 09:00:00,0.3,1,0,0
01/08/2012 10:00:00,0.28,1,0,0
01/08/2012 11:00:00,0.3,1,0,0
01/08/2012 12:00:00,0.51,1,0,0
01/08/2012 13:00:00,3.91,1,0,0
01/08/2012 14:00:00,0.54,1,0,0
01/08/2012 15:00:00,0.4,1,0,0
01/08/2012 16:00:00,0.4,1,0,0
01/08/2012 17:00:00,0.33,1,0,0
01/08/2012 18:00:00,0.35,1,0,0
01/08/2012 19:00:00,0.37,1,0,0
01/08/2012 20:00:00,0.36,1,0,0
01/08/2012 21:00:00,1.17,1,0,0
01/08/2012 22:00:00,3.66,1,0,0
01/08/2012 23:00:00,0.5,1,0,0
01/08/2012 00:00:00,0.52,1,0,0
01/09/2012 01:00:00,0.36,1,0,0
01/09/2012 02:00:00,0.31,1,0,0
01/09/2012 03:00:00,0.25,1,0,0
01/09/2012 04:00:00,0.28,1,0,0
01/09/2012 05:00:00,0.27,1,0,0
01/09/2012 06:00:00,0.27,1,0,0
01/09/2012 07:00:00,0.29,1,0,0
01/09/2012 08:00:00,0.37,0,0,1
01/09/2012 09:00:00,0.3,0,0,1
01/09/2012 10:00:00,0.32,0,0,1
01/09/2012 11:00:00,0.38,0,0,1
01/09/2012 12:00:00,0.54,0,1,0
01/09/2012 13:00:00,0.29,0,1,0
01/09/2012 14:00:00,0.26,0,1,0
01/09/2012 15:00:00,0.34,0,1,0
01/09/2012 16:00:00,0.34,0,1,0
01/09/2012 17:00:00,0.35,0,1,0
01/09/2012 18:00:00,0.36,0,0,1
01/09/2012 19:00:00,0.45,0,0,1
01/09/2012 20:00:00,0.51,1,0,0
01/09/2012 21:00:00,0.54,1,0,0
01/09/2012 22:00:00,0.45,1,0,0
01/09/2012 23:00:00,0.43,1,0,0
01/09/2012 00:00:00,0.44,1,0,0
01/10/2012 01:00:00,0.29,1,0,0
01/10/2012 02:00:00,0.3,1,0,0
01/10/2012 03:00:00,0.24,1,0,0
01/10/2012 04:00:00,0.28,1,0,0
01/10/2012 05:00:00,0.28,1,0,0
01/10/2012 06:00:00,0.27,1,0,0
01/10/2012 07:00:00,0.37,1,0,0
01/10/2012 08:00:00,0.26,0,0,1
01/10/2012 09:00:00,0.29,0,0,1
01/10/2012 10:00:00,0.48,0,0,1
01/10/2012 11:00:00,0.46,0,0,1
01/10/2012 12:00:00,0.43,0,1,0
01/10/2012 13:00:00,0.39,0,1,0
01/10/2012 14:00:00,0.26,0,1,0
01/10/2012 15:00:00,0.27,0,1,0
01/10/2012 16:00:00,0.29,0,1,0
01/10/2012 17:00:00,0.35,0,1,0
01/10/2012 18:00:00,0.58,0,0,1
01/10/2012 19:00:00,0.63,0,0,1
01/10/2012 20:00:00,0.49,1,0,0
01/10/2012 21:00:00,0.51,1,0,0
01/10/2012 22:00:00,0.48,1,0,0
01/10/2012 23:00:00,0.47,1,0,0
01/10/2012 00:00:00,0.38,1,0,0
01/11/2012 01:00:00,0.34,1,0,0
01/11/2012 02:00:00,0.32,1,0,0
01/11/2012 03:00:00,0.29,1,0,0
01/11/2012 04:00:00,0.33,1,0,0
01/11/2012 05:00:00,0.33,1,0,0
01/11/2012 06:00:00,0.3,1,0,0
01/11/2012 07:00:00,0.42,1,0,0
01/11/2012 08:00:00,0.31,0,0,1
01/11/2012 09:00:00,0.39,0,0,1
01/11/2012 10:00:00,0.47,0,0,1
01/11/2012 11:00:00,0.41,0,0,1
01/11/2012 12:00:00,0.42,0,1,0
01/11/2012 13:00:00,0.41,0,1,0
01/11/2012 14:00:00,0.33,0,1,0
01/11/2012 15:00:00,0.32,0,1,0
01/11/2012 16:00:00,0.28,0,1,0
01/11/2012 17:00:00,0.35,0,1,0
01/11/2012 18:00:00,0.63,0,0,1
01/11/2012 19:00:00,0.46,0,0,1
01/11/2012 20:00:00,0.59,1,0,0
01/11/2012 21:00:00,0.54,1,0,0
01/11/2012 22:00:00,0.64,1,0,0
01/11/2012 23:00:00,0.54,1,0,0
01/11/2012 00:00:00,0.4,1,0,0
01/12/2012 01:00:00,0.32,1,0,0
01/12/2012 02:00:00,0.29,1,0,0
01/12/2012 03:00:00,0.3,1,0,0
01/12/2012 04:00:00,0.29,1,0,0
01/12/2012 05:00:00,0.32,1,0,0
01/12/2012 06:00:00,0.28,1,0,0
01/12/2012 07:00:00,0.33,1,0,0
01/12/2012 08:00:00,0.32,0,0,1
01/12/2012 09:00:00,0.34,0,0,1
01/12/2012 10:00:00,0.39,0,0,1
01/12/2012 11:00:00,0.36,0,0,1
01/12/2012 12:00:00,0.63,0,1,0
01/12/2012 13:00:00,0.61,0,1,0
01/12/2012 14:00:00,0.33,0,1,0
01/12/2012 15:00:00,0.32,0,1,0
01/12/2012 16:00:00,0.36,0,1,0
01/12/2012 17:00:00,0.37,0,1,0
01/12/2012 18:00:00,0.49,0,0,1
01/12/2012 19:00:00,0.43,0,0,1
01/12/2012 20:00:00,0.52,1,0,0
01/12/2012 21:00:00,0.49,1,0,0
01/12/2012 22:00:00,0.42,1,0,0
01/12/2012 23:00:00,0.49,1,0,0
01/12/2012 00:00:00,0.47,1,0,0
01/13/2012 01:00:00,0.38,1,0,0
01/13/2012 02:00:00,0.34,1,0,0
01/13/2012 03:00:00,0.3,1,0,0
01/13/2012 04:00:00,0.34,1,0,0
01/13/2012 05:00:00,0.33,1,0,0
01/13/2012 06:00:00,0.3,1,0,0
01/13/2012 07:00:00,0.32,1,0,0
01/13/2012 08:00:00,0.4,0,0,1
01/13/2012 09:00:00,0.28,0,0,1
01/13/2012 10:00:00,0.43,0,0,1
01/13/2012 11:00:00,0.37,0,0,1
01/13/2012 12:00:00,0.38,0,1,0
01/13/2012 13:00:00,0.41,0,1,0
01/13/2012 14:00:00,0.33,0,1,0
01/13/2012 15:00:00,0.28,0,1,0
01/13/2012 16:00:00,0.35,0,1,0
01/13/2012 17:00:00,0.36,0,1,0
01/13/2012 18:00:00,0.29,0,0,1
01/13/2012 19:00:00,0.27,0,0,1
01/13/2012 20:00:00,0.35,1,0,0
01/13/2012 21:00:00,0.32,1,0,0
01/13/2012 22:00:00,0.32,1,0,0
01/13/2012 23:00:00,0.31,1,0,0
01/13/2012 00:00:00,0.3,1,0,0
01/14/2012 01:00:00,0.32,1,0,0
01/14/2012 02:00:00,0.33,1,0,0
01/14/2012 03:00:00,0.3,1,0,0
01/14/2012 04:00:00,0.28,1,0,0
01/14/2012 05:00:00,0.3,1,0,0
01/14/2012 06:00:00,0.28,1,0,0
01/14/2012 07:00:00,0.29,1,0,0
01/14/2012 08:00:00,0.28,1,0,0
01/14/2012 09:00:00,0.34,1,0,0
01/14/2012 10:00:00,0.45,1,0,0
01/14/2012 11:00:00,0.8,1,0,0
01/14/2012 12:00:00,0.32,1,0,0
01/14/2012 13:00:00,0.3,1,0,0
01/14/2012 14:00:00,0.48,1,0,0
01/14/2012 15:00:00,0.32,1,0,0
01/14/2012 16:00:00,0.3,1,0,0
01/14/2012 17:00:00,0.35,1,0,0
01/14/2012 18:00:00,0.32,1,0,0
01/14/2012 19:00:00,0.31,1,0,0
01/14/2012 20:00:00,0.46,1,0,0
01/14/2012 21:00:00,0.37,1,0,0
01/14/2012 22:00:00,0.33,1,0,0
01/14/2012 23:00:00,0.35,1,0,0
01/14/2012 00:00:00,0.33,1,0,0
01/15/2012 01:00:00,0.44,1,0,0
01/15/2012 02:00:00,0.47,1,0,0
01/15/2012 03:00:00,0.38,1,0,0
01/15/2012 04:00:00,0.32,1,0,0
01/15/2012 05:00:00,0.36,1,0,0
01/15/2012 06:00:00,0.34,1,0,0
01/15/2012 07:00:00,0.35,1,0,0
01/15/2012 08:00:00,0.32,1,0,0
01/15/2012 09:00:00,1.72,1,0,0
01/15/2012 10:00:00,4.21,1,0,0
01/15/2012 11:00:00,0.48,1,0,0
01/15/2012 12:00:00,0.27,1,0,0
01/15/2012 13:00:00,0.27,1,0,0
01/15/2012 14:00:00,0.27,1,0,0
01/15/2012 15:00:00,0.27,1,0,0
01/15/2012 16:00:00,0.27,1,0,0
01/15/2012 17:00:00,0.26,1,0,0
01/15/2012 18:00:00,0.27,1,0,0
01/15/2012 19:00:00,0.27,1,0,0
01/15/2012 20:00:00,0.26,1,0,0
01/15/2012 21:00:00,0.29,1,0,0
01/15/2012 22:00:00,3.7,1,0,0
01/15/2012 23:00:00,1.94,1,0,0
01/15/2012 00:00:00,0.44,1,0,0
01/16/2012 01:00:00,0.33,1,0,0
01/16/2012 02:00:00,0.3,1,0,0
01/16/2012 03:00:00,0.31,1,0,0
01/16/2012 04:00:00,0.3,1,0,0
01/16/2012 05:00:00,0.38,1,0,0
01/16/2012 06:00:00,0.3,1,0,0
01/16/2012 07:00:00,0.32,1,0,0
01/16/2012 08:00:00,0.38,0,0,1
01/16/2012 09:00:00,0.28,0,0,1
01/16/2012 10:00:00,0.39,0,0,1
01/16/2012 11:00:00,0.36,0,0,1
01/16/2012 12:00:00,0.44,0,1,0
01/16/2012 13:00:00,0.5,0,1,0
01/16/2012 14:00:00,0.29,0,1,0
01/16/2012 15:00:00,0.29,0,1,0
01/16/2012 16:00:00,0.37,0,1,0
01/16/2012 17:00:00,0.41,0,1,0
01/16/2012 18:00:00,0.33,0,0,1
01/16/2012 19:00:00,0.36,0,0,1
01/16/2012 20:00:00,0.38,1,0,0
01/16/2012 21:00:00,0.46,1,0,0
01/16/2012 22:00:00,0.41,1,0,0
01/16/2012 23:00:00,0.46,1,0,0
01/16/2012 00:00:00,0.38,1,0,0
01/17/2012 01:00:00,0.33,1,0,0
01/17/2012 02:00:00,0.3,1,0,0
01/17/2012 03:00:00,0.27,1,0,0
01/17/2012 04:00:00,0.3,1,0,0
01/17/2012 05:00:00,0.29,1,0,0
01/17/2012 06:00:00,0.29,1,0,0
01/17/2012 07:00:00,0.29,1,0,0
01/17/2012 08:00:00,0.37,0,0,1
01/17/2012 09:00:00,0.27,0,0,1
01/17/2012 10:00:00,0.38,0,0,1
01/17/2012 11:00:00,1.16,0,0,1
01/17/2012 12:00:00,2.02,0,1,0
01/17/2012 13:00:00,0.35,0,1,0
01/17/2012 14:00:00,0.31,0,1,0
01/17/2012 15:00:00,0.32,0,1,0
01/17/2012 16:00:00,0.26,0,1,0
01/17/2012 17:00:00,0.3,0,1,0
01/17/2012 18:00:00,0.35,0,0,1
01/17/2012 19:00:00,0.46,0,0,1
01/17/2012 20:00:00,0.46,1,0,0
01/17/2012 21:00:00,0.55,1,0,0
01/17/2012 22:00:00,0.44,1,0,0
01/17/2012 23:00:00,0.42,1,0,0
01/17/2012 00:00:00,0.38,1,0,0
01/18/2012 01:00:00,0.32,1,0,0
01/18/2012 02:00:00,0.29,1,0,0
01/18/2012 03:00:00,0.27,1,0,0
01/18/2012 04:00:00,0.31,1,0,0
01/18/2012 05:00:00,0.31,1,0,0
01/18/2012 06:00:00,0.29,1,0,0
01/18/2012 07:00:00,0.37,1,0,0
01/18/2012 08:00:00,0.3,0,0,1
01/18/2012 09:00:00,0.27,0,0,1
01/18/2012 10:00:00,0.49,0,0,1
01/18/2012 11:00:00,0.38,0,0,1
01/18/2012 12:00:00,0.35,0,1,0
01/18/2012 13:00:00,0.37,0,1,0
01/18/2012 14:00:00,0.27,0,1,0
01/18/2012 15:00:00,0.27,0,1,0
01/18/2012 16:00:00,0.26,0,1,0
01/18/2012 17:00:00,0.3,0,1,0
01/18/2012 18:00:00,0.44,0,0,1
01/18/2012 19:00:00,0.33,0,0,1
01/18/2012 20:00:00,0.34,1,0,0
01/18/2012 21:00:00,0.59,1,0,0
01/18/2012 22:00:00,0.47,1,0,0
01/18/2012 23:00:00,0.49,1,0,0
01/18/2012 00:00:00,0.53,1,0,0
01/19/2012 01:00:00,0.32,1,0,0
01/19/2012 02:00:00,0.28,1,0,0
01/19/2012 03:00:00,0.27,1,0,0
01/19/2012 04:00:00,0.28,1,0,0
01/19/2012 05:00:00,0.29,1,0,0
01/19/2012 06:00:00,0.26,1,0,0
01/19/2012 07:00:00,0.3,1,0,0
01/19/2012 08:00:00,0.36,0,0,1
01/19/2012 09:00:00,0.38,0,0,1
01/19/2012 10:00:00,0.36,0,0,1
01/19/2012 11:00:00,0.42,0,0,1
01/19/2012 12:00:00,0.51,0,1,0
01/19/2012 13:00:00,0.39,0,1,0
01/19/2012 14:00:00,0.43,0,1,0
01/19/2012 15:00:00,0.38,0,1,0
01/19/2012 16:00:00,0.34,0,1,0
01/19/2012 17:00:00,0.48,0,1,0
01/19/2012 18:00:00,0.34,0,0,1
01/19/2012 19:00:00,0.48,0,0,1
01/19/2012 20:00:00,0.46,1,0,0
01/19/2012 21:00:00,0.45,1,0,0
01/19/2012 22:00:00,0.49,1,0,0
01/19/2012 23:00:00,0.47,1,0,0
01/19/2012 00:00:00,0.58,1,0,0
01/20/2012 01:00:00,0.35,1,0,0
01/20/2012 02:00:00,0.31,1,0,0
01/20/2012 03:00:00,0.3,1,0,0
01/20/2012 04:00:00,0.35,1,0,0
01/20/2012 05:00:00,0.37,1,0,0
01/20/2012 06:00:00,0.31,1,0,0
01/20/2012 07:00:00,0.65,1,0,0
01/20/2012 08:00:00,2.02,0,0,1
01/20/2012 09:00:00,0.36,0,0,1
01/20/2012 10:00:00,0.32,0,0,1
01/20/2012 11:00:00,0.36,0,0,1
01/20/2012 12:00:00,0.7,0,1,0
01/20/2012 13:00:00,0.37,0,1,0
01/20/2012 14:00:00,0.4,0,1,0
01/20/2012 15:00:00,0.37,0,1,0
01/20/2012 16:00:00,0.39,0,1,0
01/20/2012 17:00:00,0.34,0,1,0
01/20/2012 18:00:00,0.26,0,0,1
01/20/2012 19:00:00,0.28,0,0,1
01/20/2012 20:00:00,0.37,1,0,0
01/20/2012 21:00:00,0.31,1,0,0
01/20/2012 22:00:00,0.31,1,0,0
01/20/2012 23:00:00,0.3,1,0,0
01/20/2012 00:00:00,0.31,1,0,0
01/21/2012 01:00:00,0.32,1,0,0
01/21/2012 02:00:00,0.29,1,0,0
01/21/2012 03:00:00,0.28,1,0,0
01/21/2012 04:00:00,0.28,1,0,0
01/21/2012 05:00:00,0.3,1,0,0
01/21/2012 06:00:00,0.27,1,0,0
01/21/2012 07:00:00,0.27,1,0,0
01/21/2012 08:00:00,0.28,1,0,0
01/21/2012 09:00:00,0.34,1,0,0
01/21/2012 10:00:00,0.42,1,0,0
01/21/2012 11:00:00,0.37,1,0,0
01/21/2012 12:00:00,0.32,1,0,0
01/21/2012 13:00:00,0.39,1,0,0
01/21/2012 14:00:00,0.44,1,0,0
01/21/2012 15:00:00,0.48,1,0,0
01/21/2012 16:00:00,3.92,1,0,0
01/21/2012 17:00:00,0.4,1,0,0
01/21/2012 18:00:00,0.43,1,0,0
01/21/2012 19:00:00,0.75,1,0,0
01/21/2012 20:00:00,0.31,1,0,0
01/21/2012 21:00:00,0.33,1,0,0
01/21/2012 22:00:00,0.31,1,0,0
01/21/2012 23:00:00,0.31,1,0,0
01/21/2012 00:00:00,0.4,1,0,0
01/22/2012 01:00:00,0.37,1,0,0
01/22/2012 02:00:00,0.38,1,0,0
01/22/2012 03:00:00,0.3,1,0,0
01/22/2012 04:00:00,0.34,1,0,0
01/22/2012 05:00:00,0.37,1,0,0
01/22/2012 06:00:00,0.42,1,0,0
01/22/2012 07:00:00,0.3,1,0,0
01/22/2012 08:00:00,0.32,1,0,0
01/22/2012 09:00:00,0.31,1,0,0
01/22/2012 10:00:00,0.42,1,0,0
01/22/2012 11:00:00,0.42,1,0,0
01/22/2012 12:00:00,0.33,1,0,0
01/22/2012 13:00:00,0.28,1,0,0
01/22/2012 14:00:00,0.3,1,0,0
01/22/2012 15:00:00,0.27,1,0,0
01/22/2012 16:00:00,0.3,1,0,0
01/22/2012 17:00:00,0.27,1,0,0
01/22/2012 18:00:00,0.29,1,0,0
01/22/2012 19:00:00,0.28,1,0,0
01/22/2012 20:00:00,0.65,1,0,0
01/22/2012 21:00:00,0.71,1,0,0
01/22/2012 22:00:00,0.72,1,0,0
01/22/2012 23:00:00,4.68,1,0,0
01/22/2012 00:00:00,0.62,1,0,0
01/23/2012 01:00:00,0.36,1,0,0
01/23/2012 02:00:00,0.3,1,0,0
01/23/2012 03:00:00,0.27,1,0,0
01/23/2012 04:00:00,0.27,1,0,0
01/23/2012 05:00:00,0.32,1,0,0
01/23/2012 06:00:00,0.27,1,0,0
01/23/2012 07:00:00,0.4,1,0,0
01/23/2012 08:00:00,0.31,0,0,1
01/23/2012 09:00:00,0.26,0,0,1
01/23/2012 10:00:00,0.35,0,0,1
01/23/2012 11:00:00,0.38,0,0,1
01/23/2012 12:00:00,0.35,0,1,0
01/23/2012 13:00:00,0.38,0,1,0
01/23/2012 14:00:00,0.27,0,1,0
01/23/2012 15:00:00,0.26,0,1,0
01/23/2012 16:00:00,0.4,0,1,0
01/23/2012 17:00:00,0.33,0,1,0
01/23/2012 18:00:00,0.55,0,0,1
01/23/2012 19:00:00,0.42,0,0,1
01/23/2012 20:00:00,0.38,1,0,0
01/23/2012 21:00:00,0.76,1,0,0
01/23/2012 22:00:00,0.59,1,0,0
01/23/2012 23:00:00,0.46,1,0,0
01/23/2012 00:00:00,0.4,1,0,0
01/24/2012 01:00:00,0.35,1,0,0
01/24/2012 02:00:00,0.27,1,0,0
01/24/2012 03:00:00,0.3,1,0,0
01/24/2012 04:00:00,0.29,1,0,0
01/24/2012 05:00:00,0.31,1,0,0
01/24/2012 06:00:00,0.31,1,0,0
01/24/2012 07:00:00,0.28,1,0,0
01/24/2012 08:00:00,0.38,0,0,1
01/24/2012 09:00:00,0.3,0,0,1
01/24/2012 10:00:00,0.34,0,0,1
01/24/2012 11:00:00,0.4,0,0,1
01/24/2012 12:00:00,1.88,0,1,0
01/24/2012 13:00:00,0.4,0,1,0
01/24/2012 14:00:00,0.27,0,1,0
01/24/2012 15:00:00,0.28,0,1,0
01/24/2012 16:00:00,0.28,0,1,0
01/24/2012 17:00:00,0.25,0,1,0
01/24/2012 18:00:00,0.79,0,0,1
01/24/2012 19:00:00,0.45,0,0,1
01/24/2012 20:00:00,0.5,1,0,0
01/24/2012 21:00:00,0.53,1,0,0
01/24/2012 22:00:00,0.42,1,0,0
01/24/2012 23:00:00,0.44,1,0,0
01/24/2012 00:00:00,0.42,1,0,0
01/25/2012 01:00:00,0.34,1,0,0
01/25/2012 02:00:00,0.31,1,0,0
01/25/2012 03:00:00,0.28,1,0,0
01/25/2012 04:00:00,0.31,1,0,0
01/25/2012 05:00:00,0.4,1,0,0
01/25/2012 06:00:00,0.28,1,0,0
01/25/2012 07:00:00,0.4,1,0,0
01/25/2012 08:00:00,0.32,0,0,1
01/25/2012 09:00:00,0.31,0,0,1
01/25/2012 10:00:00,0.37,0,0,1
01/25/2012 11:00:00,1.19,0,0,1
01/25/2012 12:00:00,0.39,0,1,0
01/25/2012 13:00:00,0.3,0,1,0
01/25/2012 14:00:00,0.27,0,1,0
01/25/2012 15:00:00,0.28,0,1,0
01/25/2012 16:00:00,0.26,0,1,0
01/25/2012 17:00:00,0.39,0,1,0
01/25/2012 18:00:00,0.42,0,0,1
01/25/2012 19:00:00,0.3,0,0,1
01/25/2012 20:00:00,0.34,1,0,0
01/25/2012 21:00:00,0.66,1,0,0
01/25/2012 22:00:00,0.43,1,0,0
01/25/2012 23:00:00,0.45,1,0,0
01/25/2012 00:00:00,0.48,1,0,0
01/26/2012 01:00:00,0.29,1,0,0
01/26/2012 02:00:00,0.27,1,0,0
01/26/2012 03:00:00,0.26,1,0,0
01/26/2012 04:00:00,0.3,1,0,0
01/26/2012 05:00:00,0.27,1,0,0
01/26/2012 06:00:00,0.28,1,0,0
01/26/2012 07:00:00,0.3,1,0,0
01/26/2012 08:00:00,0.35,0,0,1
01/26/2012 09:00:00,0.33,0,0,1
01/26/2012 10:00:00,0.35,0,0,1
01/26/2012 11:00:00,0.36,0,0,1
01/26/2012 12:00:00,0.39,0,1,0
01/26/2012 13:00:00,0.34,0,1,0
01/26/2012 14:00:00,0.29,0,1,0
01/26/2012 15:00:00,0.28,0,1,0
01/26/2012 16:00:00,0.43,0,1,0
01/26/2012 17:00:00,0.48,0,1,0
01/26/2012 18:00:00,0.41,0,0,1
01/26/2012 19:00:00,0.69,0,0,1
01/26/2012 20:00:00,0.38,1,0,0
01/26/2012 21:00:00,0.36,1,0,0
01/26/2012 22:00:00,0.38,1,0,0
01/26/2012 23:00:00,0.45,1,0,0
01/26/2012 00:00:00,0.39,1,0,0
01/27/2012 01:00:00,0.32,1,0,0
01/27/2012 02:00:00,0.3,1,0,0
01/27/2012 03:00:00,0.29,1,0,0
01/27/2012 04:00:00,0.33,1,0,0
01/27/2012 05:00:00,0.31,1,0,0
01/27/2012 06:00:00,0.31,1,0,0
01/27/2012 07:00:00,0.28,1,0,0
01/27/2012 08:00:00,0.42,0,0,1
01/27/2012 09:00:00,0.25,0,0,1
01/27/2012 10:00:00,0.39,0,0,1
01/27/2012 11:00:00,0.34,0,0,1
01/27/2012 12:00:00,0.55,0,1,0
01/27/2012 13:00:00,0.31,0,1,0
01/27/2012 14:00:00,0.37,0,1,0
01/27/2012 15:00:00,0.34,0,1,0
01/27/2012 16:00:00,0.39,0,1,0
01/27/2012 17:00:00,0.29,0,1,0
01/27/2012 18:00:00,0.28,0,0,1
01/27/2012 19:00:00,0.25,0,0,1
01/27/2012 20:00:00,0.36,1,0,0
01/27/2012 21:00:00,0.34,1,0,0
01/27/2012 22:00:00,0.33,1,0,0
01/27/2012 23:00:00,0.34,1,0,0
01/27/2012 00:00:00,0.35,1,0,0
01/28/2012 01:00:00,0.38,1,0,0
01/28/2012 02:00:00,0.34,1,0,0
01/28/2012 03:00:00,0.34,1,0,0
01/28/2012 04:00:00,0.28,1,0,0
01/28/2012 05:00:00,0.31,1,0,0
01/28/2012 06:00:00,0.34,1,0,0
01/28/2012 07:00:00,0.33,1,0,0
01/28/2012 08:00:00,0.32,1,0,0
01/28/2012 09:00:00,0.51,1,0,0
01/28/2012 10:00:00,0.38,1,0,0
01/28/2012 11:00:00,0.34,1,0,0
01/28/2012 12:00:00,0.31,1,0,0
01/28/2012 13:00:00,0.34,1,0,0
01/28/2012 14:00:00,0.5,1,0,0
01/28/2012 15:00:00,1.52,1,0,0
01/28/2012 16:00:00,3.88,1,0,0
01/28/2012 17:00:00,0.84,1,0,0
01/28/2012 18:00:00,0.43,1,0,0
01/28/2012 19:00:00,0.36,1,0,0
01/28/2012 20:00:00,0.37,1,0,0
01/28/2012 21:00:00,0.29,1,0,0
01/28/2012 22:00:00,0.3,1,0,0
01/28/2012 23:00:00,0.28,1,0,0
01/28/2012 00:00:00,0.3,1,0,0
01/29/2012 01:00:00,0.28,1,0,0
01/29/2012 02:00:00,0.3,1,0,0
01/29/2012 03:00:00,0.28,1,0,0
01/29/2012 04:00:00,0.28,1,0,0
01/29/2012 05:00:00,0.31,1,0,0
01/29/2012 06:00:00,0.27,1,0,0
01/29/2012 07:00:00,0.29,1,0,0
01/29/2012 08:00:00,0.26,1,0,0
01/29/2012 09:00:00,0.28,1,0,0
01/29/2012 10:00:00,0.3,1,0,0
01/29/2012 11:00:00,0.52,1,0,0
01/29/2012 12:00:00,0.42,1,0,0
01/29/2012 13:00:00,0.6,1,0,0
01/29/2012 14:00:00,0.36,1,0,0
01/29/2012 15:00:00,0.36,1,0,0
01/29/2012 16:00:00,0.38,1,0,0
01/29/2012 17:00:00,0.36,1,0,0
01/29/2012 18:00:00,0.35,1,0,0
01/29/2012 19:00:00,0.39,1,0,0
01/29/2012 20:00:00,0.39,1,0,0
01/29/2012 21:00:00,0.37,1,0,0
01/29/2012 22:00:00,1.68,1,0,0
01/29/2012 23:00:00,2.92,1,0,0
01/29/2012 00:00:00,0.52,1,0,0
01/30/2012 01:00:00,0.58,1,0,0
01/30/2012 02:00:00,0.28,1,0,0
01/30/2012 03:00:00,0.27,1,0,0
01/30/2012 04:00:00,0.27,1,0,0
01/30/2012 05:00:00,0.29,1,0,0
01/30/2012 06:00:00,0.27,1,0,0
01/30/2012 07:00:00,0.32,1,0,0
01/30/2012 08:00:00,0.38,0,0,1
01/30/2012 09:00:00,0.37,0,0,1
01/30/2012 10:00:00,0.38,0,0,1
01/30/2012 11:00:00,0.35,0,0,1
01/30/2012 12:00:00,0.8,0,1,0
01/30/2012 13:00:00,0.32,0,1,0
01/30/2012 14:00:00,0.28,0,1,0
01/30/2012 15:00:00,0.31,0,1,0
01/30/2012 16:00:00,0.26,0,1,0
01/30/2012 17:00:00,0.27,0,1,0
01/30/2012 18:00:00,0.26,0,0,1
01/30/2012 19:00:00,0.27,0,0,1
01/30/2012 20:00:00,0.27,1,0,0
01/30/2012 21:00:00,0.53,1,0,0
01/30/2012 22:00:00,0.46,1,0,0
01/30/2012 23:00:00,0.5,1,0,0
01/30/2012 00:00:00,0.45,1,0,0
01/31/2012 01:00:00,0.32,1,0,0
01/31/2012 02:00:00,0.29,1,0,0
01/31/2012 03:00:00,0.24,1,0,0
01/31/2012 04:00:00,0.29,1,0,0
01/31/2012 05:00:00,0.3,1,0,0
01/31/2012 06:00:00,0.25,1,0,0
01/31/2012 07:00:00,0.39,1,0,0
01/31/2012 08:00:00,0.41,0,0,1
01/31/2012 09:00:00,0.47,0,0,1
01/31/2012 10:00:00,0.37,0,0,1
01/31/2012 11:00:00,0.36,0,0,1
01/31/2012 12:00:00,0.37,0,1,0
01/31/2012 13:00:00,0.37,0,1,0
01/31/2012 14:00:00,0.31,0,1,0
01/31/2012 15:00:00,0.28,0,1,0
01/31/2012 16:00:00,0.25,0,1,0
01/31/2012 17:00:00,0.25,0,1,0
01/31/2012 18:00:00,0.37,0,0,1
01/31/2012 19:00:00,0.38,0,0,1
01/31/2012 20:00:00,0.28,1,0,0
01/31/2012 21:00:00,0.42,1,0,0
01/31/2012 22:00:00,0.61,1,0,0
01/31/2012 23:00:00,0.51,1,0,0
01/31/2012 00:00:00,0.42,1,0,0
02/01/2012 01:00:00,0.39,1,0,0
02/01/2012 02:00:00,0.31,1,0,0
02/01/2012 03:00:00,0.28,1,0,0
02/01/2012 04:00:00,0.3,1,0,0
02/01/2012 05:00:00,0.29,1,0,0
02/01/2012 06:00:00,0.27,1,0,0
02/01/2012 07:00:00,0.29,1,0,0
02/01/2012 08:00:00,0.39,0,0,1
02/01/2012 09:00:00,0.26,0,0,1
02/01/2012 10:00:00,0.33,0,0,1
02/01/2012 11:00:00,0.34,0,0,1
02/01/2012 12:00:00,0.26,0,1,0
02/01/2012 13:00:00,0.26,0,1,0
02/01/2012 14:00:00,0.27,0,1,0
02/01/2012 15:00:00,0.25,0,1,0
02/01/2012 16:00:00,0.34,0,1,0
02/01/2012 17:00:00,0.35,0,1,0
02/01/2012 18:00:00,0.37,0,0,1
02/01/2012 19:00:00,0.38,0,0,1
02/01/2012 20:00:00,0.4,1,0,0
02/01/2012 21:00:00,0.41,1,0,0
02/01/2012 22:00:00,0.56,1,0,0
02/01/2012 23:00:00,0.53,1,0,0
02/01/2012 00:00:00,0.49,1,0,0
02/02/2012 01:00:00,0.41,1,0,0
02/02/2012 02:00:00,0.29,1,0,0
02/02/2012 03:00:00,0.26,1,0,0
02/02/2012 04:00:00,0.27,1,0,0
02/02/2012 05:00:00,0.27,1,0,0
02/02/2012 06:00:00,0.28,1,0,0
02/02/2012 07:00:00,0.28,1,0,0
02/02/2012 08:00:00,0.34,0,0,1
02/02/2012 09:00:00,0.26,0,0,1
02/02/2012 10:00:00,0.53,0,0,1
02/02/2012 11:00:00,0.7,0,0,1
02/02/2012 12:00:00,1.37,0,1,0
02/02/2012 13:00:00,0.42,0,1,0
02/02/2012 14:00:00,0.31,0,1,0
02/02/2012 15:00:00,0.32,0,1,0
02/02/2012 16:00:00,0.29,0,1,0
02/02/2012 17:00:00,0.4,0,1,0
02/02/2012 18:00:00,0.35,0,0,1
02/02/2012 19:00:00,0.34,0,0,1
02/02/2012 20:00:00,0.34,1,0,0
02/02/2012 21:00:00,0.32,1,0,0
02/02/2012 22:00:00,0.32,1,0,0
02/02/2012 23:00:00,0.41,1,0,0
02/02/2012 00:00:00,0.52,1,0,0
02/03/2012 01:00:00,0.35,1,0,0
02/03/2012 02:00:00,0.3,1,0,0
02/03/2012 03:00:00,0.28,1,0,0
02/03/2012 04:00:00,0.3,1,0,0
02/03/2012 05:00:00,0.31,1,0,0
02/03/2012 06:00:00,0.29,1,0,0
02/03/2012 07:00:00,0.28,1,0,0
02/03/2012 08:00:00,0.39,0,0,1
02/03/2012 09:00:00,0.28,0,0,1
02/03/2012 10:00:00,0.45,0,0,1
02/03/2012 11:00:00,0.37,0,0,1
02/03/2012 12:00:00,0.3,0,1,0
02/03/2012 13:00:00,0.39,0,1,0
02/03/2012 14:00:00,0.24,0,1,0
02/03/2012 15:00:00,0.28,0,1,0
02/03/2012 16:00:00,0.25,0,1,0
02/03/2012 17:00:00,0.3,0,1,0
02/03/2012 18:00:00,0.29,0,0,1
02/03/2012 19:00:00,0.32,0,0,1
02/03/2012 20:00:00,0.49,1,0,0
02/03/2012 21:00:00,0.29,1,0,0
02/03/2012 22:00:00,0.4,1,0,0
02/03/2012 23:00:00,0.49,1,0,0
02/03/2012 00:00:00,0.42,1,0,0
02/04/2012 01:00:00,0.34,1,0,0
02/04/2012 02:00:00,0.33,1,0,0
02/04/2012 03:00:00,0.35,1,0,0
02/04/2012 04:00:00,0.34,1,0,0
02/04/2012 05:00:00,0.31,1,0,0
02/04/2012 06:00:00,0.32,1,0,0
02/04/2012 07:00:00,0.29,1,0,0
02/04/2012 08:00:00,0.31,1,0,0
02/04/2012 09:00:00,0.29,1,0,0
02/04/2012 10:00:00,0.43,1,0,0
02/04/2012 11:00:00,0.39,1,0,0
02/04/2012 12:00:00,0.42,1,0,0
02/04/2012 13:00:00,0.49,1,0,0
02/04/2012 14:00:00,0.51,1,0,0
02/04/2012 15:00:00,0.53,1,0,0
02/04/2012 16:00:00,0.48,1,0,0
02/04/2012 17:00:00,0.45,1,0,0
02/04/2012 18:00:00,0.46,1,0,0
02/04/2012 19:00:00,0.53,1,0,0
02/04/2012 20:00:00,0.47,1,0,0
02/04/2012 21:00:00,0.47,1,0,0
02/04/2012 22:00:00,0.49,1,0,0
02/04/2012 23:00:00,0.51,1,0,0
02/04/2012 00:00:00,0.51,1,0,0
02/05/2012 01:00:00,0.37,1,0,0
02/05/2012 02:00:00,0.27,1,0,0
02/05/2012 03:00:00,0.29,1,0,0
02/05/2012 04:00:00,0.27,1,0,0
02/05/2012 05:00:00,0.31,1,0,0
02/05/2012 06:00:00,0.27,1,0,0
02/05/2012 07:00:00,0.27,1,0,0
02/05/2012 08:00:00,0.29,1,0,0
02/05/2012 09:00:00,0.27,1,0,0
02/05/2012 10:00:00,0.42,1,0,0
02/05/2012 11:00:00,0.44,1,0,0
02/05/2012 12:00:00,0.5,1,0,0
02/05/2012 13:00:00,3.58,1,0,0
02/05/2012 14:00:00,3.05,1,0,0
02/05/2012 15:00:00,0.37,1,0,0
02/05/2012 16:00:00,0.31,1,0,0
02/05/2012 17:00:00,0.27,1,0,0
02/05/2012 18:00:00,0.52,1,0,0
02/05/2012 19:00:00,0.76,1,0,0
02/05/2012 20:00:00,0.68,1,0,0
02/05/2012 21:00:00,1.06,1,0,0
02/05/2012 22:00:00,3.4,1,0,0
02/05/2012 23:00:00,0.41,1,0,0
02/05/2012 00:00:00,0.34,1,0,0
02/06/2012 01:00:00,0.31,1,0,0
02/06/2012 02:00:00,0.33,1,0,0
02/06/2012 03:00:00,0.29,1,0,0
02/06/2012 04:00:00,0.31,1,0,0
02/06/2012 05:00:00,0.32,1,0,0
02/06/2012 06:00:00,0.31,1,0,0
02/06/2012 07:00:00,0.37,1,0,0
02/06/2012 08:00:00,0.36,0,0,1
02/06/2012 09:00:00,0.28,0,0,1
02/06/2012 10:00:00,0.37,0,0,1
02/06/2012 11:00:00,0.38,0,0,1
02/06/2012 12:00:00,0.3,0,1,0
02/06/2012 13:00:00,0.27,0,1,0
02/06/2012 14:00:00,0.33,0,1,0
02/06/2012 15:00:00,0.31,0,1,0
02/06/2012 16:00:00,0.25,0,1,0
02/06/2012 17:00:00,0.27,0,1,0
02/06/2012 18:00:00,0.27,0,0,1
02/06/2012 19:00:00,0.5,0,0,1
02/06/2012 20:00:00,0.55,1,0,0
02/06/2012 21:00:00,0.46,1,0,0
02/06/2012 22:00:00,0.62,1,0,0
02/06/2012 23:00:00,0.4,1,0,0
02/06/2012 00:00:00,0.3,1,0,0
02/07/2012 01:00:00,0.32,1,0,0
02/07/2012 02:00:00,0.32,1,0,0
02/07/2012 03:00:00,0.29,1,0,0
02/07/2012 04:00:00,0.3,1,0,0
02/07/2012 05:00:00,0.3,1,0,0
02/07/2012 06:00:00,0.31,1,0,0
02/07/2012 07:00:00,0.31,1,0,0
02/07/2012 08:00:00,0.39,0,0,1
02/07/2012 09:00:00,0.29,0,0,1
02/07/2012 10:00:00,0.3,0,0,1
02/07/2012 11:00:00,0.36,0,0,1
02/07/2012 12:00:00,1.56,0,1,0
02/07/2012 13:00:00,0.37,0,1,0
02/07/2012 14:00:00,0.28,0,1,0
02/07/2012 15:00:00,0.29,0,1,0
02/07/2012 16:00:00,0.26,0,1,0
02/07/2012 17:00:00,0.29,0,1,0
02/07/2012 18:00:00,0.36,0,0,1
02/07/2012 19:00:00,0.47,0,0,1
02/07/2012 20:00:00,0.52,1,0,0
02/07/2012 21:00:00,0.52,1,0,0
02/07/2012 22:00:00,0.45,1,0,0
02/07/2012 23:00:00,0.56,1,0,0
02/07/2012 00:00:00,0.45,1,0,0
02/08/2012 01:00:00,0.4,1,0,0
02/08/2012 02:00:00,0.36,1,0,0
02/08/2012 03:00:00,0.32,1,0,0
02/08/2012 04:00:00,0.33,1,0,0
02/08/2012 05:00:00,0.33,1,0,0
02/08/2012 06:00:00,0.33,1,0,0
02/08/2012 07:00:00,0.35,1,0,0
02/08/2012 08:00:00,0.42,0,0,1
02/08/2012 09:00:00,0.27,0,0,1
02/08/2012 10:00:00,0.36,0,0,1
02/08/2012 11:00:00,0.36,0,0,1
02/08/2012 12:00:00,0.73,0,1,0
02/08/2012 13:00:00,0.49,0,1,0
02/08/2012 14:00:00,0.27,0,1,0
02/08/2012 15:00:00,0.31,0,1,0
02/08/2012 16:00:00,0.37,0,1,0
02/08/2012 17:00:00,0.38,0,1,0
02/08/2012 18:00:00,0.44,0,0,1
02/08/2012 19:00:00,0.47,0,0,1
02/08/2012 20:00:00,0.4,1,0,0
02/08/2012 21:00:00,0.47,1,0,0
02/08/2012 22:00:00,0.5,1,0,0
02/08/2012 23:00:00,0.48,1,0,0
02/08/2012 00:00:00,0.47,1,0,0
02/09/2012 01:00:00,0.4,1,0,0
02/09/2012 02:00:00,0.33,1,0,0
02/09/2012 03:00:00,0.3,1,0,0
02/09/2012 04:00:00,0.31,1,0,0
02/09/2012 05:00:00,0.32,1,0,0
02/09/2012 06:00:00,0.31,1,0,0
02/09/2012 07:00:00,0.31,1,0,0
02/09/2012 08:00:00,0.41,0,0,1
02/09/2012 09:00:00,0.52,0,0,1
02/09/2012 10:00:00,0.37,0,0,1
02/09/2012 11:00:00,0.34,0,0,1
02/09/2012 12:00:00,0.37,0,1,0
02/09/2012 13:00:00,0.34,0,1,0
02/09/2012 14:00:00,0.33,0,1,0
02/09/2012 15:00:00,0.35,0,1,0
02/09/2012 16:00:00,0.32,0,1,0
02/09/2012 17:00:00,0.38,0,1,0
02/09/2012 18:00:00,0.38,0,0,1
02/09/2012 19:00:00,0.46,0,0,1
02/09/2012 20:00:00,0.5,1,0,0
02/09/2012 21:00:00,0.5,1,0,0
02/09/2012 22:00:00,0.46,1,0,0
02/09/2012 23:00:00,0.43,1,0,0
02/09/2012 00:00:00,0.44,1,0,0
02/10/2012 01:00:00,0.35,1,0,0
02/10/2012 02:00:00,0.33,1,0,0
02/10/2012 03:00:00,0.3,1,0,0
02/10/2012 04:00:00,0.31,1,0,0
02/10/2012 05:00:00,0.31,1,0,0
02/10/2012 06:00:00,0.29,1,0,0
02/10/2012 07:00:00,0.31,1,0,0
02/10/2012 08:00:00,0.38,0,0,1
02/10/2012 09:00:00,0.31,0,0,1
02/10/2012 10:00:00,0.35,0,0,1
02/10/2012 11:00:00,0.96,0,0,1
02/10/2012 12:00:00,1.38,0,1,0
02/10/2012 13:00:00,0.44,0,1,0
02/10/2012 14:00:00,0.35,0,1,0
02/10/2012 15:00:00,0.33,0,1,0
02/10/2012 16:00:00,0.36,0,1,0
02/10/2012 17:00:00,0.39,0,1,0
02/10/2012 18:00:00,0.31,0,0,1
02/10/2012 19:00:00,0.29,0,0,1
02/10/2012 20:00:00,0.32,1,0,0
02/10/2012 21:00:00,0.3,1,0,0
02/10/2012 22:00:00,0.31,1,0,0
02/10/2012 23:00:00,0.4,1,0,0
02/10/2012 00:00:00,0.36,1,0,0
02/11/2012 01:00:00,0.32,1,0,0
02/11/2012 02:00:00,0.29,1,0,0
02/11/2012 03:00:00,0.29,1,0,0
02/11/2012 04:00:00,0.31,1,0,0
02/11/2012 05:00:00,0.31,1,0,0
02/11/2012 06:00:00,0.36,1,0,0
02/11/2012 07:00:00,0.29,1,0,0
02/11/2012 08:00:00,0.29,1,0,0
02/11/2012 09:00:00,0.28,1,0,0
02/11/2012 10:00:00,0.35,1,0,0
02/11/2012 11:00:00,0.73,1,0,0
02/11/2012 12:00:00,0.37,1,0,0
02/11/2012 13:00:00,0.52,1,0,0
02/11/2012 14:00:00,0.35,1,0,0
02/11/2012 15:00:00,0.33,1,0,0
02/11/2012 16:00:00,0.38,1,0,0
02/11/2012 17:00:00,0.48,1,0,0
02/11/2012 18:00:00,0.37,1,0,0
02/11/2012 19:00:00,0.34,1,0,0
02/11/2012 20:00:00,0.46,1,0,0
02/11/2012 21:00:00,0.45,1,0,0
02/11/2012 22:00:00,0.41,1,0,0
02/11/2012 23:00:00,0.42,1,0,0
02/11/2012 00:00:00,0.41,1,0,0
02/12/2012 01:00:00,0.35,1,0,0
02/12/2012 02:00:00,0.34,1,0,0
02/12/2012 03:00:00,0.32,1,0,0
02/12/2012 04:00:00,0.31,1,0,0
02/12/2012 05:00:00,0.33,1,0,0
02/12/2012 06:00:00,0.31,1,0,0
02/12/2012 07:00:00,0.3,1,0,0
02/12/2012 08:00:00,0.32,1,0,0
02/12/2012 09:00:00,0.35,1,0,0
02/12/2012 10:00:00,0.56,1,0,0
02/12/2012 11:00:00,0.83,1,0,0
02/12/2012 12:00:00,5.34,1,0,0
02/12/2012 13:00:00,3.92,1,0,0
02/12/2012 14:00:00,1.88,1,0,0
02/12/2012 15:00:00,1.14,1,0,0
02/12/2012 16:00:00,0.95,1,0,0
02/12/2012 17:00:00,0.44,1,0,0
02/12/2012 18:00:00,0.33,1,0,0
02/12/2012 19:00:00,0.3,1,0,0
02/12/2012 20:00:00,0.29,1,0,0
02/12/2012 21:00:00,0.3,1,0,0
02/12/2012 22:00:00,0.3,1,0,0
02/12/2012 23:00:00,0.54,1,0,0
02/12/2012 00:00:00,0.33,1,0,0
02/13/2012 01:00:00,0.31,1,0,0
02/13/2012 02:00:00,0.3,1,0,0
02/13/2012 03:00:00,0.3,1,0,0
02/13/2012 04:00:00,0.31,1,0,0
02/13/2012 05:00:00,0.32,1,0,0
02/13/2012 06:00:00,0.3,1,0,0
02/13/2012 07:00:00,0.29,1,0,0
02/13/2012 08:00:00,0.47,0,0,1
02/13/2012 09:00:00,1.02,0,0,1
02/13/2012 10:00:00,1.13,0,0,1
02/13/2012 11:00:00,0.41,0,0,1
02/13/2012 12:00:00,0.38,0,1,0
02/13/2012 13:00:00,0.34,0,1,0
02/13/2012 14:00:00,0.32,0,1,0
02/13/2012 15:00:00,0.4,0,1,0
02/13/2012 16:00:00,0.36,0,1,0
02/13/2012 17:00:00,0.35,0,1,0
02/13/2012 18:00:00,0.29,0,0,1
02/13/2012 19:00:00,0.37,0,0,1
02/13/2012 20:00:00,0.29,1,0,0
02/13/2012 21:00:00,0.54,1,0,0
02/13/2012 22:00:00,0.48,1,0,0
02/13/2012 23:00:00,0.56,1,0,0
02/13/2012 00:00:00,0.49,1,0,0
02/14/2012 01:00:00,0.38,1,0,0
02/14/2012 02:00:00,0.27,1,0,0
02/14/2012 03:00:00,0.29,1,0,0
02/14/2012 04:00:00,0.37,1,0,0
02/14/2012 05:00:00,0.34,1,0,0
02/14/2012 06:00:00,0.31,1,0,0
02/14/2012 07:00:00,0.4,1,0,0
02/14/2012 08:00:00,0.29,0,0,1
02/14/2012 09:00:00,0.39,0,0,1
02/14/2012 10:00:00,0.35,0,0,1
02/14/2012 11:00:00,0.39,0,0,1
02/14/2012 12:00:00,0.36,0,1,0
02/14/2012 13:00:00,0.31,0,1,0
02/14/2012 14:00:00,0.35,0,1,0
02/14/2012 15:00:00,0.36,0,1,0
02/14/2012 16:00:00,0.34,0,1,0
02/14/2012 17:00:00,0.39,0,1,0
02/14/2012 18:00:00,0.45,0,0,1
02/14/2012 19:00:00,0.45,0,0,1
02/14/2012 20:00:00,0.62,1,0,0
02/14/2012 21:00:00,0.5,1,0,0
02/14/2012 22:00:00,0.56,1,0,0
02/14/2012 23:00:00,0.48,1,0,0
02/14/2012 00:00:00,0.48,1,0,0
02/15/2012 01:00:00,0.35,1,0,0
02/15/2012 02:00:00,0.31,1,0,0
02/15/2012 03:00:00,0.29,1,0,0
02/15/2012 04:00:00,0.3,1,0,0
02/15/2012 05:00:00,0.31,1,0,0
02/15/2012 06:00:00,0.29,1,0,0
02/15/2012 07:00:00,0.41,1,0,0
02/15/2012 08:00:00,0.27,0,0,1
02/15/2012 09:00:00,0.26,0,0,1
02/15/2012 10:00:00,0.37,0,0,1
02/15/2012 11:00:00,0.32,0,0,1
02/15/2012 12:00:00,0.35,0,1,0
02/15/2012 13:00:00,0.32,0,1,0
02/15/2012 14:00:00,0.25,0,1,0
02/15/2012 15:00:00,0.3,0,1,0
02/15/2012 16:00:00,0.31,0,1,0
02/15/2012 17:00:00,0.46,0,1,0
02/15/2012 18:00:00,0.35,0,0,1
02/15/2012 19:00:00,0.87,0,0,1
02/15/2012 20:00:00,0.57,1,0,0
02/15/2012 21:00:00,0.55,1,0,0
02/15/2012 22:00:00,0.52,1,0,0
02/15/2012 23:00:00,0.47,1,0,0
02/15/2012 00:00:00,0.57,1,0,0
02/16/2012 01:00:00,0.5,1,0,0
02/16/2012 02:00:00,0.34,1,0,0
02/16/2012 03:00:00,0.3,1,0,0
02/16/2012 04:00:00,0.31,1,0,0
02/16/2012 05:00:00,0.31,1,0,0
02/16/2012 06:00:00,0.29,1,0,0
02/16/2012 07:00:00,0.3,1,0,0
02/16/2012 08:00:00,0.39,0,0,1
02/16/2012 09:00:00,0.27,0,0,1
02/16/2012 10:00:00,0.36,0,0,1
02/16/2012 11:00:00,0.38,0,0,1
02/16/2012 12:00:00,0.36,0,1,0
02/16/2012 13:00:00,0.4,0,1,0
02/16/2012 14:00:00,0.35,0,1,0
02/16/2012 15:00:00,0.43,0,1,0
02/16/2012 16:00:00,0.48,0,1,0
02/16/2012 17:00:00,1.2,0,1,0
02/16/2012 18:00:00,1.6,0,0,1
02/16/2012 19:00:00,0.33,0,0,1
02/16/2012 20:00:00,0.3,1,0,0
02/16/2012 21:00:00,0.36,1,0,0
02/16/2012 22:00:00,0.46,1,0,0
02/16/2012 23:00:00,0.55,1,0,0
02/16/2012 00:00:00,0.63,1,0,0
02/17/2012 01:00:00,0.48,1,0,0
02/17/2012 02:00:00,0.31,1,0,0
02/17/2012 03:00:00,0.28,1,0,0
02/17/2012 04:00:00,0.3,1,0,0
02/17/2012 05:00:00,0.36,1,0,0
02/17/2012 06:00:00,0.33,1,0,0
02/17/2012 07:00:00,0.34,1,0,0
02/17/2012 08:00:00,0.28,0,0,1
02/17/2012 09:00:00,0.34,0,0,1
02/17/2012 10:00:00,0.39,0,0,1
02/17/2012 11:00:00,0.52,0,0,1
02/17/2012 12:00:00,2.21,0,1,0
02/17/2012 13:00:00,0.29,0,1,0
02/17/2012 14:00:00,0.28,0,1,0
02/17/2012 15:00:00,0.27,0,1,0
02/17/2012 16:00:00,0.27,0,1,0
02/17/2012 17:00:00,0.26,0,1,0
02/17/2012 18:00:00,0.26,0,0,1
02/17/2012 19:00:00,0.28,0,0,1
02/17/2012 20:00:00,0.27,1,0,0
02/17/2012 21:00:00,0.26,1,0,0
02/17/2012 22:00:00,0.28,1,0,0
02/17/2012 23:00:00,0.28,1,0,0
02/17/2012 00:00:00,0.26,1,0,0
02/18/2012 01:00:00,0.27,1,0,0
02/18/2012 02:00:00,0.27,1,0,0
02/18/2012 03:00:00,0.28,1,0,0
02/18/2012 04:00:00,0.29,1,0,0
02/18/2012 05:00:00,0.29,1,0,0
02/18/2012 06:00:00,0.29,1,0,0
02/18/2012 07:00:00,0.26,1,0,0
02/18/2012 08:00:00,0.27,1,0,0
02/18/2012 09:00:00,0.28,1,0,0
02/18/2012 10:00:00,0.28,1,0,0
02/18/2012 11:00:00,0.26,1,0,0
02/18/2012 12:00:00,0.28,1,0,0
02/18/2012 13:00:00,0.27,1,0,0
02/18/2012 14:00:00,0.27,1,0,0
02/18/2012 15:00:00,0.27,1,0,0
02/18/2012 16:00:00,0.29,1,0,0
02/18/2012 17:00:00,0.27,1,0,0
02/18/2012 18:00:00,0.27,1,0,0
02/18/2012 19:00:00,0.27,1,0,0
02/18/2012 20:00:00,0.28,1,0,0
02/18/2012 21:00:00,0.37,1,0,0
02/18/2012 22:00:00,0.27,1,0,0
02/18/2012 23:00:00,0.28,1,0,0
02/18/2012 00:00:00,0.27,1,0,0
02/19/2012 01:00:00,0.25,1,0,0
02/19/2012 02:00:00,0.29,1,0,0
02/19/2012 03:00:00,0.28,1,0,0
02/19/2012 04:00:00,0.28,1,0,0
02/19/2012 05:00:00,0.3,1,0,0
02/19/2012 06:00:00,0.28,1,0,0
02/19/2012 07:00:00,0.27,1,0,0
02/19/2012 08:00:00,0.3,1,0,0
02/19/2012 09:00:00,0.28,1,0,0
02/19/2012 10:00:00,0.27,1,0,0
02/19/2012 11:00:00,0.29,1,0,0
02/19/2012 12:00:00,0.28,1,0,0
02/19/2012 13:00:00,0.28,1,0,0
02/19/2012 14:00:00,0.27,1,0,0
02/19/2012 15:00:00,0.29,1,0,0
02/19/2012 16:00:00,0.27,1,0,0
02/19/2012 17:00:00,0.27,1,0,0
02/19/2012 18:00:00,0.28,1,0,0
02/19/2012 19:00:00,0.27,1,0,0
02/19/2012 20:00:00,0.28,1,0,0
02/19/2012 21:00:00,0.27,1,0,0
02/19/2012 22:00:00,0.28,1,0,0
02/19/2012 23:00:00,0.28,1,0,0
02/19/2012 00:00:00,0.26,1,0,0
02/20/2012 01:00:00,0.28,1,0,0
02/20/2012 02:00:00,0.29,1,0,0
02/20/2012 03:00:00,0.27,1,0,0
02/20/2012 04:00:00,0.3,1,0,0
02/20/2012 05:00:00,0.31,1,0,0
02/20/2012 06:00:00,0.27,1,0,0
02/20/2012 07:00:00,0.3,1,0,0
02/20/2012 08:00:00,0.28,1,0,0
02/20/2012 09:00:00,0.28,1,0,0
02/20/2012 10:00:00,0.28,1,0,0
02/20/2012 11:00:00,0.29,1,0,0
02/20/2012 12:00:00,0.28,1,0,0
02/20/2012 13:00:00,0.27,1,0,0
02/20/2012 14:00:00,0.34,1,0,0
02/20/2012 15:00:00,0.31,1,0,0
02/20/2012 16:00:00,0.25,1,0,0
02/20/2012 17:00:00,0.27,1,0,0
02/20/2012 18:00:00,0.28,1,0,0
02/20/2012 19:00:00,0.26,1,0,0
02/20/2012 20:00:00,0.27,1,0,0
02/20/2012 21:00:00,0.27,1,0,0
02/20/2012 22:00:00,0.29,1,0,0
02/20/2012 23:00:00,0.26,1,0,0
02/20/2012 00:00:00,0.27,1,0,0
02/21/2012 01:00:00,0.28,1,0,0
02/21/2012 02:00:00,0.26,1,0,0
02/21/2012 03:00:00,0.28,1,0,0
02/21/2012 04:00:00,0.3,1,0,0
02/21/2012 05:00:00,0.28,1,0,0
02/21/2012 06:00:00,0.28,1,0,0
02/21/2012 07:00:00,0.29,1,0,0
02/21/2012 08:00:00,0.27,0,0,1
02/21/2012 09:00:00,0.28,0,0,1
02/21/2012 10:00:00,0.29,0,0,1
02/21/2012 11:00:00,0.28,0,0,1
02/21/2012 12:00:00,0.28,0,1,0
02/21/2012 13:00:00,0.28,0,1,0
02/21/2012 14:00:00,0.28,0,1,0
02/21/2012 15:00:00,0.27,0,1,0
02/21/2012 16:00:00,0.31,0,1,0
02/21/2012 17:00:00,0.4,0,1,0
02/21/2012 18:00:00,0.48,0,0,1
02/21/2012 19:00:00,0.54,0,0,1
02/21/2012 20:00:00,0.45,1,0,0
02/21/2012 21:00:00,0.45,1,0,0
02/21/2012 22:00:00,0.48,1,0,0
02/21/2012 23:00:00,1.03,1,0,0
02/21/2012 00:00:00,3.4,1,0,0
02/22/2012 01:00:00,0.42,1,0,0
02/22/2012 02:00:00,0.31,1,0,0
02/22/2012 03:00:00,0.28,1,0,0
02/22/2012 04:00:00,0.32,1,0,0
02/22/2012 05:00:00,0.3,1,0,0
02/22/2012 06:00:00,0.37,1,0,0
02/22/2012 07:00:00,0.35,1,0,0
02/22/2012 08:00:00,0.34,0,0,1
02/22/2012 09:00:00,0.41,0,0,1
02/22/2012 10:00:00,0.42,0,0,1
02/22/2012 11:00:00,0.3,0,0,1
02/22/2012 12:00:00,0.3,0,1,0
02/22/2012 13:00:00,0.28,0,1,0
02/22/2012 14:00:00,0.26,0,1,0
02/22/2012 15:00:00,0.27,0,1,0
02/22/2012 16:00:00,0.28,0,1,0
02/22/2012 17:00:00,0.27,0,1,0
02/22/2012 18:00:00,0.27,0,0,1
02/22/2012 19:00:00,0.28,0,0,1
02/22/2012 20:00:00,0.49,1,0,0
02/22/2012 21:00:00,0.48,1,0,0
02/22/2012 22:00:00,0.43,1,0,0
02/22/2012 23:00:00,0.45,1,0,0
02/22/2012 00:00:00,0.37,1,0,0
02/23/2012 01:00:00,0.31,1,0,0
02/23/2012 02:00:00,0.29,1,0,0
02/23/2012 03:00:00,0.31,1,0,0
02/23/2012 04:00:00,0.3,1,0,0
02/23/2012 05:00:00,0.33,1,0,0
02/23/2012 06:00:00,0.3,1,0,0
02/23/2012 07:00:00,0.31,1,0,0
02/23/2012 08:00:00,0.29,0,0,1
02/23/2012 09:00:00,0.35,0,0,1
02/23/2012 10:00:00,0.33,0,0,1
02/23/2012 11:00:00,0.29,0,0,1
02/23/2012 12:00:00,0.26,0,1,0
02/23/2012 13:00:00,0.27,0,1,0
02/23/2012 14:00:00,0.26,0,1,0
02/23/2012 15:00:00,0.27,0,1,0
02/23/2012 16:00:00,0.27,0,1,0
02/23/2012 17:00:00,0.26,0,1,0
02/23/2012 18:00:00,0.28,0,0,1
02/23/2012 19:00:00,0.27,0,0,1
02/23/2012 20:00:00,0.39,1,0,0
02/23/2012 21:00:00,0.44,1,0,0
02/23/2012 22:00:00,0.42,1,0,0
02/23/2012 23:00:00,0.45,1,0,0
02/23/2012 00:00:00,0.45,1,0,0
02/24/2012 01:00:00,0.29,1,0,0
02/24/2012 02:00:00,0.31,1,0,0
02/24/2012 03:00:00,0.28,1,0,0
02/24/2012 04:00:00,0.32,1,0,0
02/24/2012 05:00:00,0.3,1,0,0
02/24/2012 06:00:00,0.3,1,0,0
02/24/2012 07:00:00,0.3,1,0,0
02/24/2012 08:00:00,0.35,0,0,1
02/24/2012 09:00:00,0.47,0,0,1
02/24/2012 10:00:00,0.4,0,0,1
02/24/2012 11:00:00,0.43,0,0,1
02/24/2012 12:00:00,0.67,0,1,0
02/24/2012 13:00:00,1.77,0,1,0
02/24/2012 14:00:00,1.39,0,1,0
02/24/2012 15:00:00,0.39,0,1,0
02/24/2012 16:00:00,0.39,0,1,0
02/24/2012 17:00:00,0.38,0,1,0
02/24/2012 18:00:00,0.33,0,0,1
02/24/2012 19:00:00,0.32,0,0,1
02/24/2012 20:00:00,1.43,1,0,0
02/24/2012 21:00:00,0.39,1,0,0
02/24/2012 22:00:00,0.43,1,0,0
02/24/2012 23:00:00,0.43,1,0,0
02/24/2012 00:00:00,0.37,1,0,0
02/25/2012 01:00:00,0.31,1,0,0
02/25/2012 02:00:00,0.3,1,0,0
02/25/2012 03:00:00,0.3,1,0,0
02/25/2012 04:00:00,0.33,1,0,0
02/25/2012 05:00:00,0.31,1,0,0
02/25/2012 06:00:00,0.31,1,0,0
02/25/2012 07:00:00,0.29,1,0,0
02/25/2012 08:00:00,0.27,1,0,0
02/25/2012 09:00:00,0.38,1,0,0
02/25/2012 10:00:00,0.43,1,0,0
02/25/2012 11:00:00,0.31,1,0,0
02/25/2012 12:00:00,0.3,1,0,0
02/25/2012 13:00:00,0.3,1,0,0
02/25/2012 14:00:00,0.29,1,0,0
02/25/2012 15:00:00,0.29,1,0,0
02/25/2012 16:00:00,0.3,1,0,0
02/25/2012 17:00:00,0.38,1,0,0
02/25/2012 18:00:00,0.46,1,0,0
02/25/2012 19:00:00,0.48,1,0,0
02/25/2012 20:00:00,0.42,1,0,0
02/25/2012 21:00:00,0.4,1,0,0
02/25/2012 22:00:00,0.44,1,0,0
02/25/2012 23:00:00,0.47,1,0,0
02/25/2012 00:00:00,0.39,1,0,0
02/26/2012 01:00:00,0.36,1,0,0
02/26/2012 02:00:00,0.35,1,0,0
02/26/2012 03:00:00,0.33,1,0,0
02/26/2012 04:00:00,0.35,1,0,0
02/26/2012 05:00:00,0.34,1,0,0
02/26/2012 06:00:00,0.29,1,0,0
02/26/2012 07:00:00,0.27,1,0,0
02/26/2012 08:00:00,0.28,1,0,0
02/26/2012 09:00:00,0.28,1,0,0
02/26/2012 10:00:00,0.37,1,0,0
02/26/2012 11:00:00,0.66,1,0,0
02/26/2012 12:00:00,0.48,1,0,0
02/26/2012 13:00:00,0.46,1,0,0
02/26/2012 14:00:00,0.42,1,0,0
02/26/2012 15:00:00,4.21,1,0,0
02/26/2012 16:00:00,2.87,1,0,0
02/26/2012 17:00:00,0.32,1,0,0
02/26/2012 18:00:00,0.31,1,0,0
02/26/2012 19:00:00,0.5,1,0,0
02/26/2012 20:00:00,0.32,1,0,0
02/26/2012 21:00:00,0.31,1,0,0
02/26/2012 22:00:00,0.31,1,0,0
02/26/2012 23:00:00,1.66,1,0,0
02/26/2012 00:00:00,2.59,1,0,0
02/27/2012 01:00:00,0.31,1,0,0
02/27/2012 02:00:00,0.29,1,0,0
02/27/2012 03:00:00,0.28,1,0,0
02/27/2012 04:00:00,0.3,1,0,0
02/27/2012 05:00:00,0.31,1,0,0
02/27/2012 06:00:00,0.28,1,0,0
02/27/2012 07:00:00,0.3,1,0,0
02/27/2012 08:00:00,0.45,0,0,1
02/27/2012 09:00:00,0.61,0,0,1
02/27/2012 10:00:00,0.57,0,0,1
02/27/2012 11:00:00,0.6,0,0,1
02/27/2012 12:00:00,1.65,0,1,0
02/27/2012 13:00:00,0.46,0,1,0
02/27/2012 14:00:00,0.46,0,1,0
02/27/2012 15:00:00,0.4,0,1,0
02/27/2012 16:00:00,0.36,0,1,0
02/27/2012 17:00:00,0.3,0,1,0
02/27/2012 18:00:00,0.35,0,0,1
02/27/2012 19:00:00,0.58,0,0,1
02/27/2012 20:00:00,0.5,1,0,0
02/27/2012 21:00:00,0.43,1,0,0
02/27/2012 22:00:00,0.42,1,0,0
02/27/2012 23:00:00,0.31,1,0,0
02/27/2012 00:00:00,0.28,1,0,0
02/28/2012 01:00:00,0.29,1,0,0
02/28/2012 02:00:00,0.28,1,0,0
02/28/2012 03:00:00,0.29,1,0,0
02/28/2012 04:00:00,0.29,1,0,0
02/28/2012 05:00:00,0.3,1,0,0
02/28/2012 06:00:00,0.39,1,0,0
02/28/2012 07:00:00,0.43,1,0,0
02/28/2012 08:00:00,0.53,0,0,1
02/28/2012 09:00:00,0.31,0,0,1
02/28/2012 10:00:00,0.37,0,0,1
02/28/2012 11:00:00,0.44,0,0,1
02/28/2012 12:00:00,0.43,0,1,0
02/28/2012 13:00:00,0.42,0,1,0
02/28/2012 14:00:00,0.39,0,1,0
02/28/2012 15:00:00,0.44,0,1,0
02/28/2012 16:00:00,0.39,0,1,0
02/28/2012 17:00:00,0.4,0,1,0
02/28/2012 18:00:00,0.48,0,0,1
02/28/2012 19:00:00,0.45,0,0,1
02/28/2012 20:00:00,0.51,1,0,0
02/28/2012 21:00:00,0.45,1,0,0
02/28/2012 22:00:00,0.55,1,0,0
02/28/2012 23:00:00,0.44,1,0,0
02/28/2012 00:00:00,0.32,1,0,0
02/29/2012 01:00:00,0.29,1,0,0
02/29/2012 02:00:00,0.29,1,0,0
02/29/2012 03:00:00,0.28,1,0,0
02/29/2012 04:00:00,0.31,1,0,0
02/29/2012 05:00:00,0.31,1,0,0
02/29/2012 06:00:00,0.31,1,0,0
02/29/2012 07:00:00,0.37,1,0,0
02/29/2012 08:00:00,0.43,0,0,1
02/29/2012 09:00:00,0.4,0,0,1
02/29/2012 10:00:00,0.4,0,0,1
02/29/2012 11:00:00,0.48,0,0,1
02/29/2012 12:00:00,1.69,0,1,0
02/29/2012 13:00:00,2.73,0,1,0
02/29/2012 14:00:00,0.35,0,1,0
02/29/2012 15:00:00,0.3,0,1,0
02/29/2012 16:00:00,0.41,0,1,0
02/29/2012 17:00:00,0.37,0,1,0
02/29/2012 18:00:00,0.34,0,0,1
02/29/2012 19:00:00,1.23,0,0,1
02/29/2012 20:00:00,0.45,1,0,0
02/29/2012 21:00:00,0.54,1,0,0
02/29/2012 22:00:00,0.67,1,0,0
02/29/2012 23:00:00,0.53,1,0,0
02/29/2012 00:00:00,0.34,1,0,0
03/01/2012 01:00:00,0.28,1,0,0
03/01/2012 02:00:00,0.3,1,0,0
03/01/2012 03:00:00,0.29,1,0,0
03/01/2012 04:00:00,0.31,1,0,0
03/01/2012 05:00:00,0.31,1,0,0
03/01/2012 06:00:00,0.28,1,0,0
03/01/2012 07:00:00,0.3,1,0,0
03/01/2012 08:00:00,0.43,0,0,1
03/01/2012 09:00:00,0.32,0,0,1
03/01/2012 10:00:00,0.32,0,0,1
03/01/2012 11:00:00,0.3,0,0,1
03/01/2012 12:00:00,0.56,0,1,0
03/01/2012 13:00:00,0.36,0,1,0
03/01/2012 14:00:00,0.39,0,1,0
03/01/2012 15:00:00,0.6,0,1,0
03/01/2012 16:00:00,0.42,0,1,0
03/01/2012 17:00:00,0.46,0,1,0
03/01/2012 18:00:00,0.38,0,0,1
03/01/2012 19:00:00,0.4,0,0,1
03/01/2012 20:00:00,0.56,1,0,0
03/01/2012 21:00:00,0.46,1,0,0
03/01/2012 22:00:00,0.43,1,0,0
03/01/2012 23:00:00,0.57,1,0,0
03/01/2012 00:00:00,0.39,1,0,0
03/02/2012 01:00:00,0.32,1,0,0
03/02/2012 02:00:00,0.31,1,0,0
03/02/2012 03:00:00,0.38,1,0,0
03/02/2012 04:00:00,0.36,1,0,0
03/02/2012 05:00:00,0.34,1,0,0
03/02/2012 06:00:00,0.33,1,0,0
03/02/2012 07:00:00,0.32,1,0,0
03/02/2012 08:00:00,0.4,0,0,1
03/02/2012 09:00:00,0.49,0,0,1
03/02/2012 10:00:00,0.34,0,0,1
03/02/2012 11:00:00,1.26,0,0,1
03/02/2012 12:00:00,0.82,0,1,0
03/02/2012 13:00:00,0.52,0,1,0
03/02/2012 14:00:00,0.4,0,1,0
03/02/2012 15:00:00,0.46,0,1,0
03/02/2012 16:00:00,0.51,0,1,0
03/02/2012 17:00:00,0.41,0,1,0
03/02/2012 18:00:00,0.47,0,0,1
03/02/2012 19:00:00,0.48,0,0,1
03/02/2012 20:00:00,0.46,1,0,0
03/02/2012 21:00:00,0.59,1,0,0
03/02/2012 22:00:00,0.44,1,0,0
03/02/2012 23:00:00,0.42,1,0,0
03/02/2012 00:00:00,0.39,1,0,0
03/03/2012 01:00:00,0.31,1,0,0
03/03/2012 02:00:00,0.28,1,0,0
03/03/2012 03:00:00,0.3,1,0,0
03/03/2012 04:00:00,0.3,1,0,0
03/03/2012 05:00:00,0.31,1,0,0
03/03/2012 06:00:00,0.31,1,0,0
03/03/2012 07:00:00,0.29,1,0,0
03/03/2012 08:00:00,0.3,1,0,0
03/03/2012 09:00:00,0.36,1,0,0
03/03/2012 10:00:00,0.44,1,0,0
03/03/2012 11:00:00,0.37,1,0,0
03/03/2012 12:00:00,0.45,1,0,0
03/03/2012 13:00:00,0.4,1,0,0
03/03/2012 14:00:00,0.35,1,0,0
03/03/2012 15:00:00,0.44,1,0,0
03/03/2012 16:00:00,0.37,1,0,0
03/03/2012 17:00:00,0.39,1,0,0
03/03/2012 18:00:00,0.43,1,0,0
03/03/2012 19:00:00,0.42,1,0,0
03/03/2012 20:00:00,0.41,1,0,0
03/03/2012 21:00:00,0.43,1,0,0
03/03/2012 22:00:00,0.36,1,0,0
03/03/2012 23:00:00,0.41,1,0,0
03/03/2012 00:00:00,0.44,1,0,0
03/04/2012 01:00:00,0.4,1,0,0
03/04/2012 02:00:00,0.31,1,0,0
03/04/2012 03:00:00,0.26,1,0,0
03/04/2012 04:00:00,0.32,1,0,0
03/04/2012 05:00:00,0.31,1,0,0
03/04/2012 06:00:00,0.29,1,0,0
03/04/2012 07:00:00,0.31,1,0,0
03/04/2012 08:00:00,0.3,1,0,0
03/04/2012 09:00:00,0.33,1,0,0
03/04/2012 10:00:00,0.31,1,0,0
03/04/2012 11:00:00,0.44,1,0,0
03/04/2012 12:00:00,0.61,1,0,0
03/04/2012 13:00:00,5.45,1,0,0
03/04/2012 14:00:00,1.15,1,0,0
03/04/2012 15:00:00,0.43,1,0,0
03/04/2012 16:00:00,0.34,1,0,0
03/04/2012 17:00:00,0.32,1,0,0
03/04/2012 18:00:00,0.34,1,0,0
03/04/2012 19:00:00,1.6,1,0,0
03/04/2012 20:00:00,0.83,1,0,0
03/04/2012 21:00:00,1.66,1,0,0
03/04/2012 22:00:00,3.53,1,0,0
03/04/2012 23:00:00,0.62,1,0,0
03/04/2012 00:00:00,0.45,1,0,0
03/05/2012 01:00:00,0.34,1,0,0
03/05/2012 02:00:00,0.28,1,0,0
03/05/2012 03:00:00,0.28,1,0,0
03/05/2012 04:00:00,0.29,1,0,0
03/05/2012 05:00:00,0.42,1,0,0
03/05/2012 06:00:00,0.32,1,0,0
03/05/2012 07:00:00,0.3,1,0,0
03/05/2012 08:00:00,0.4,0,0,1
03/05/2012 09:00:00,0.32,0,0,1
03/05/2012 10:00:00,0.33,0,0,1
03/05/2012 11:00:00,0.32,0,0,1
03/05/2012 12:00:00,0.61,0,1,0
03/05/2012 13:00:00,0.33,0,1,0
03/05/2012 14:00:00,0.28,0,1,0
03/05/2012 15:00:00,0.27,0,1,0
03/05/2012 16:00:00,0.31,0,1,0
03/05/2012 17:00:00,0.33,0,1,0
03/05/2012 18:00:00,0.27,0,0,1
03/05/2012 19:00:00,0.28,0,0,1
03/05/2012 20:00:00,0.28,1,0,0
03/05/2012 21:00:00,0.3,1,0,0
03/05/2012 22:00:00,0.35,1,0,0
03/05/2012 23:00:00,0.4,1,0,0
03/05/2012 00:00:00,0.43,1,0,0
03/06/2012 01:00:00,0.27,1,0,0
03/06/2012 02:00:00,0.27,1,0,0
03/06/2012 03:00:00,0.28,1,0,0
03/06/2012 04:00:00,0.28,1,0,0
03/06/2012 05:00:00,0.31,1,0,0
03/06/2012 06:00:00,0.28,1,0,0
03/06/2012 07:00:00,0.38,1,0,0
03/06/2012 08:00:00,0.45,0,0,1
03/06/2012 09:00:00,0.39,0,0,1
03/06/2012 10:00:00,0.43,0,0,1
03/06/2012 11:00:00,0.28,0,0,1
03/06/2012 12:00:00,0.27,0,1,0
03/06/2012 13:00:00,0.27,0,1,0
03/06/2012 14:00:00,0.27,0,1,0
03/06/2012 15:00:00,0.26,0,1,0
03/06/2012 16:00:00,0.28,0,1,0
03/06/2012 17:00:00,0.26,0,1,0
03/06/2012 18:00:00,0.26,0,0,1
03/06/2012 19:00:00,0.32,0,0,1
03/06/2012 20:00:00,0.3,1,0,0
03/06/2012 21:00:00,0.35,1,0,0
03/06/2012 22:00:00,0.43,1,0,0
03/06/2012 23:00:00,0.42,1,0,0
03/06/2012 00:00:00,0.42,1,0,0
03/07/2012 01:00:00,0.37,1,0,0
03/07/2012 02:00:00,0.28,1,0,0
03/07/2012 03:00:00,0.29,1,0,0
03/07/2012 04:00:00,0.31,1,0,0
03/07/2012 05:00:00,0.31,1,0,0
03/07/2012 06:00:00,0.28,1,0,0
03/07/2012 07:00:00,0.29,1,0,0
03/07/2012 08:00:00,0.29,0,0,1
03/07/2012 09:00:00,0.33,0,0,1
03/07/2012 10:00:00,0.41,0,0,1
03/07/2012 11:00:00,0.39,0,0,1
03/07/2012 12:00:00,1.71,0,1,0
03/07/2012 13:00:00,0.46,0,1,0
03/07/2012 14:00:00,0.31,0,1,0
03/07/2012 15:00:00,0.3,0,1,0
03/07/2012 16:00:00,0.34,0,1,0
03/07/2012 17:00:00,0.35,0,1,0
03/07/2012 18:00:00,0.28,0,0,1
03/07/2012 19:00:00,0.27,0,0,1
03/07/2012 20:00:00,0.28,1,0,0
03/07/2012 21:00:00,0.27,1,0,0
03/07/2012 22:00:00,0.28,1,0,0
03/07/2012 23:00:00,0.28,1,0,0
03/07/2012 00:00:00,0.3,1,0,0
03/08/2012 01:00:00,0.38,1,0,0
03/08/2012 02:00:00,0.32,1,0,0
03/08/2012 03:00:00,0.29,1,0,0
03/08/2012 04:00:00,0.3,1,0,0
03/08/2012 05:00:00,0.29,1,0,0
03/08/2012 06:00:00,0.28,1,0,0
03/08/2012 07:00:00,0.29,1,0,0
03/08/2012 08:00:00,0.3,0,0,1
03/08/2012 09:00:00,0.46,0,0,1
03/08/2012 10:00:00,0.35,0,0,1
03/08/2012 11:00:00,0.29,0,0,1
03/08/2012 12:00:00,0.29,0,1,0
03/08/2012 13:00:00,0.27,0,1,0
03/08/2012 14:00:00,0.7,0,1,0
03/08/2012 15:00:00,0.33,0,1,0
03/08/2012 16:00:00,0.4,0,1,0
03/08/2012 17:00:00,0.43,0,1,0
03/08/2012 18:00:00,0.39,0,0,1
03/08/2012 19:00:00,0.35,0,0,1
03/08/2012 20:00:00,0.34,1,0,0
03/08/2012 21:00:00,0.32,1,0,0
03/08/2012 22:00:00,0.35,1,0,0
03/08/2012 23:00:00,0.4,1,0,0
03/08/2012 00:00:00,0.42,1,0,0
03/09/2012 01:00:00,0.28,1,0,0
03/09/2012 02:00:00,0.27,1,0,0
03/09/2012 03:00:00,0.26,1,0,0
03/09/2012 04:00:00,0.28,1,0,0
03/09/2012 05:00:00,0.28,1,0,0
03/09/2012 06:00:00,0.28,1,0,0
03/09/2012 07:00:00,0.27,1,0,0
03/09/2012 08:00:00,0.39,0,0,1
03/09/2012 09:00:00,0.34,0,0,1
03/09/2012 10:00:00,0.35,0,0,1
03/09/2012 11:00:00,0.35,0,0,1
03/09/2012 12:00:00,0.52,0,1,0
03/09/2012 13:00:00,0.37,0,1,0
03/09/2012 14:00:00,0.35,0,1,0
03/09/2012 15:00:00,0.36,0,1,0
03/09/2012 16:00:00,0.32,0,1,0
03/09/2012 17:00:00,0.27,0,1,0
03/09/2012 18:00:00,0.3,0,0,1
03/09/2012 19:00:00,0.29,0,0,1
03/09/2012 20:00:00,0.39,1,0,0
03/09/2012 21:00:00,0.31,1,0,0
03/09/2012 22:00:00,0.38,1,0,0
03/09/2012 23:00:00,0.41,1,0,0
03/09/2012 00:00:00,0.38,1,0,0
03/10/2012 01:00:00,0.31,1,0,0
03/10/2012 02:00:00,0.29,1,0,0
03/10/2012 03:00:00,0.31,1,0,0
03/10/2012 04:00:00,0.3,1,0,0
03/10/2012 05:00:00,0.35,1,0,0
03/10/2012 06:00:00,0.29,1,0,0
03/10/2012 07:00:00,0.31,1,0,0
03/10/2012 08:00:00,0.49,1,0,0
03/10/2012 09:00:00,0.4,1,0,0
03/10/2012 10:00:00,0.32,1,0,0
03/10/2012 11:00:00,0.35,1,0,0
03/10/2012 12:00:00,0.36,1,0,0
03/10/2012 13:00:00,0.31,1,0,0
03/10/2012 14:00:00,0.34,1,0,0
03/10/2012 15:00:00,0.49,1,0,0
03/10/2012 16:00:00,0.35,1,0,0
03/10/2012 17:00:00,2.77,1,0,0
03/10/2012 18:00:00,4.41,1,0,0
03/10/2012 19:00:00,0.44,1,0,0
03/10/2012 20:00:00,0.34,1,0,0
03/10/2012 21:00:00,0.33,1,0,0
03/10/2012 22:00:00,0.34,1,0,0
03/10/2012 23:00:00,0.33,1,0,0
03/10/2012 00:00:00,0.34,1,0,0
03/11/2012 01:00:00,0.34,1,0,0
03/11/2012 03:00:00,0.32,1,0,0
03/11/2012 04:00:00,0.3,1,0,0
03/11/2012 05:00:00,0.28,1,0,0
03/11/2012 06:00:00,0.29,1,0,0
03/11/2012 07:00:00,0.28,1,0,0
03/11/2012 08:00:00,0.26,1,0,0
03/11/2012 09:00:00,0.28,1,0,0
03/11/2012 10:00:00,0.63,1,0,0
03/11/2012 11:00:00,0.49,1,0,0
03/11/2012 12:00:00,0.64,1,0,0
03/11/2012 13:00:00,3.72,1,0,0
03/11/2012 14:00:00,1.87,1,0,0
03/11/2012 15:00:00,0.43,1,0,0
03/11/2012 16:00:00,0.41,1,0,0
03/11/2012 17:00:00,0.44,1,0,0
03/11/2012 18:00:00,0.35,1,0,0
03/11/2012 19:00:00,0.32,1,0,0
03/11/2012 20:00:00,0.31,1,0,0
03/11/2012 21:00:00,0.43,1,0,0
03/11/2012 22:00:00,0.43,1,0,0
03/11/2012 23:00:00,0.42,1,0,0
03/11/2012 00:00:00,0.47,1,0,0
03/12/2012 01:00:00,0.52,1,0,0
03/12/2012 02:00:00,0.3,1,0,0
03/12/2012 03:00:00,0.3,1,0,0
03/12/2012 04:00:00,0.29,1,0,0
03/12/2012 05:00:00,0.29,1,0,0
03/12/2012 06:00:00,0.3,1,0,0
03/12/2012 07:00:00,0.29,1,0,0
03/12/2012 08:00:00,0.55,0,0,1
03/12/2012 09:00:00,0.4,0,0,1
03/12/2012 10:00:00,0.4,0,0,1
03/12/2012 11:00:00,0.62,0,0,1
03/12/2012 12:00:00,1.41,0,1,0
03/12/2012 13:00:00,1.93,0,1,0
03/12/2012 14:00:00,0.43,0,1,0
03/12/2012 15:00:00,0.38,0,1,0
03/12/2012 16:00:00,0.3,0,1,0
03/12/2012 17:00:00,0.31,0,1,0
03/12/2012 18:00:00,0.28,0,0,1
03/12/2012 19:00:00,0.36,0,0,1
03/12/2012 20:00:00,0.37,1,0,0
03/12/2012 21:00:00,0.54,1,0,0
03/12/2012 22:00:00,0.54,1,0,0
03/12/2012 23:00:00,0.42,1,0,0
03/12/2012 00:00:00,0.45,1,0,0
03/13/2012 01:00:00,0.34,1,0,0
03/13/2012 02:00:00,0.25,1,0,0
03/13/2012 03:00:00,0.26,1,0,0
03/13/2012 04:00:00,0.27,1,0,0
03/13/2012 05:00:00,0.25,1,0,0
03/13/2012 06:00:00,0.3,1,0,0
03/13/2012 07:00:00,0.27,1,0,0
03/13/2012 08:00:00,0.41,0,0,1
03/13/2012 09:00:00,0.27,0,0,1
03/13/2012 10:00:00,0.33,0,0,1
03/13/2012 11:00:00,0.35,0,0,1
03/13/2012 12:00:00,0.35,0,1,0
03/13/2012 13:00:00,0.38,0,1,0
03/13/2012 14:00:00,0.27,0,1,0
03/13/2012 15:00:00,0.26,0,1,0
03/13/2012 16:00:00,0.25,0,1,0
03/13/2012 17:00:00,0.26,0,1,0
03/13/2012 18:00:00,0.26,0,0,1
03/13/2012 19:00:00,0.32,0,0,1
03/13/2012 20:00:00,0.34,1,0,0
03/13/2012 21:00:00,0.48,1,0,0
03/13/2012 22:00:00,0.42,1,0,0
03/13/2012 23:00:00,0.39,1,0,0
03/13/2012 00:00:00,0.36,1,0,0
03/14/2012 01:00:00,0.26,1,0,0
03/14/2012 02:00:00,0.25,1,0,0
03/14/2012 03:00:00,0.27,1,0,0
03/14/2012 04:00:00,0.25,1,0,0
03/14/2012 05:00:00,0.29,1,0,0
03/14/2012 06:00:00,0.27,1,0,0
03/14/2012 07:00:00,0.28,1,0,0
03/14/2012 08:00:00,0.45,0,0,1
03/14/2012 09:00:00,0.34,0,0,1
03/14/2012 10:00:00,0.44,0,0,1
03/14/2012 11:00:00,0.38,0,0,1
03/14/2012 12:00:00,0.3,0,1,0
03/14/2012 13:00:00,0.28,0,1,0
03/14/2012 14:00:00,0.33,0,1,0
03/14/2012 15:00:00,0.33,0,1,0
03/14/2012 16:00:00,0.35,0,1,0
03/14/2012 17:00:00,0.34,0,1,0
03/14/2012 18:00:00,0.39,0,0,1
03/14/2012 19:00:00,0.41,0,0,1
03/14/2012 20:00:00,0.46,1,0,0
03/14/2012 21:00:00,0.47,1,0,0
03/14/2012 22:00:00,0.47,1,0,0
03/14/2012 23:00:00,0.43,1,0,0
03/14/2012 00:00:00,0.37,1,0,0
03/15/2012 01:00:00,0.47,1,0,0
03/15/2012 02:00:00,0.26,1,0,0
03/15/2012 03:00:00,0.25,1,0,0
03/15/2012 04:00:00,0.27,1,0,0
03/15/2012 05:00:00,0.28,1,0,0
03/15/2012 06:00:00,0.28,1,0,0
03/15/2012 07:00:00,0.26,1,0,0
03/15/2012 08:00:00,0.41,0,0,1
03/15/2012 09:00:00,0.34,0,0,1
03/15/2012 10:00:00,0.38,0,0,1
03/15/2012 11:00:00,0.35,0,0,1
03/15/2012 12:00:00,0.35,0,1,0
03/15/2012 13:00:00,0.35,0,1,0
03/15/2012 14:00:00,0.35,0,1,0
03/15/2012 15:00:00,0.34,0,1,0
03/15/2012 16:00:00,0.42,0,1,0
03/15/2012 17:00:00,0.38,0,1,0
03/15/2012 18:00:00,0.34,0,0,1
03/15/2012 19:00:00,0.36,0,0,1
03/15/2012 20:00:00,0.38,1,0,0
03/15/2012 21:00:00,0.41,1,0,0
03/15/2012 22:00:00,0.42,1,0,0
03/15/2012 23:00:00,0.46,1,0,0
03/15/2012 00:00:00,0.52,1,0,0
03/16/2012 01:00:00,0.32,1,0,0
03/16/2012 02:00:00,0.32,1,0,0
03/16/2012 03:00:00,0.3,1,0,0
03/16/2012 04:00:00,0.31,1,0,0
03/16/2012 05:00:00,0.32,1,0,0
03/16/2012 06:00:00,0.32,1,0,0
03/16/2012 07:00:00,0.41,1,0,0
03/16/2012 08:00:00,0.34,0,0,1
03/16/2012 09:00:00,0.36,0,0,1
03/16/2012 10:00:00,0.47,0,0,1
03/16/2012 11:00:00,0.44,0,0,1
03/16/2012 12:00:00,3.08,0,1,0
03/16/2012 13:00:00,0.75,0,1,0
03/16/2012 14:00:00,0.3,0,1,0
03/16/2012 15:00:00,0.31,0,1,0
03/16/2012 16:00:00,0.29,0,1,0
03/16/2012 17:00:00,0.31,0,1,0
03/16/2012 18:00:00,0.31,0,0,1
03/16/2012 19:00:00,0.3,0,0,1
03/16/2012 20:00:00,0.33,1,0,0
03/16/2012 21:00:00,0.3,1,0,0
03/16/2012 22:00:00,0.3,1,0,0
03/16/2012 23:00:00,0.43,1,0,0
03/16/2012 00:00:00,0.33,1,0,0
03/17/2012 01:00:00,0.28,1,0,0