date,close,volume,open,high,low
27-06-16,668.26,2632011,671,672.3,663.284
28-06-16,680.04,2169704,678.97,680.33,673
29-06-16,684.11,1931436,683,687.4292,681.41
30-06-16,692.1,1597298,685.47,692.32,683.65
01-07-16,699.21,1344387,692.2,700.65,692.1301
05-07-16,694.49,1462879,696.06,696.94,688.88
06-07-16,697.77,1411080,689.98,701.68,689.09
07-07-16,695.36,1303661,698.08,698.2,688.215
08-07-16,705.63,1573909,699.5,705.71,696.435
11-07-16,715.09,1107039,708.05,716.51,707.24
12-07-16,720.64,1336112,719.12,722.94,715.91
13-07-16,716.98,933352,723.62,724,716.85
14-07-16,720.95,949456,721.58,722.21,718.03
15-07-16,719.85,1277514,725.73,725.74,719.055
18-07-16,733.78,1284740,722.71,736.13,721.19
19-07-16,736.96,1225467,729.89,736.99,729
20-07-16,741.19,1283931,737.33,742.13,737.1
21-07-16,738.63,1022229,740.36,741.69,735.831
22-07-16,742.74,1256741,741.86,743.24,736.56
25-07-16,739.77,1031643,740.67,742.61,737.5
26-07-16,738.42,1182993,739.04,741.69,734.27
27-07-16,741.77,1509133,738.28,744.46,737
28-07-16,745.91,3473040,747.04,748.65,739.3
29-07-16,768.79,3830103,772.71,778.55,766.77
01-08-16,772.88,2697699,761.09,780.43,761.09
02-08-16,771.07,1782822,768.69,775.84,767.85
03-08-16,773.18,1283186,767.18,773.21,766.82
04-08-16,771.61,1139972,772.22,774.07,768.795
05-08-16,782.22,1799478,773.78,783.04,772.34
08-08-16,781.76,1106693,782,782.63,778.091
09-08-16,784.26,1318457,781.1,788.94,780.57
10-08-16,784.68,784559,783.75,786.8123,782.778
11-08-16,784.85,971742,785,789.75,782.97
12-08-16,783.22,739761,781.5,783.395,780.4
15-08-16,782.44,938183,783.75,787.49,780.11
16-08-16,777.14,1027836,780.3,780.98,773.444
17-08-16,779.91,921666,777.32,780.81,773.53
18-08-16,777.5,718882,780.01,782.86,777
19-08-16,775.42,860899,775,777.1,773.13
22-08-16,772.15,950417,773.27,774.54,770.0502
23-08-16,772.08,925356,775.48,776.44,771.785
24-08-16,769.64,1071569,770.58,774.5,767.07
25-08-16,769.41,926856,767,771.89,763.1846
26-08-16,769.54,1164713,769,776.0799,765.85
29-08-16,772.15,847537,768.74,774.99,766.615
30-08-16,769.09,1129932,769.33,774.466,766.84
31-08-16,767.05,1247937,767.01,769.09,765.38
01-09-16,768.78,925019,769.25,771.02,764.3
02-09-16,771.46,1070725,773.01,773.9199,768.41
06-09-16,780.08,1441864,773.45,782,771
07-09-16,780.35,893874,780,782.73,776.2
08-09-16,775.32,1268663,778.59,780.35,773.58
09-09-16,759.66,1879903,770.1,773.245,759.66
12-09-16,769.02,1310493,755.13,770.29,754.0001
13-09-16,759.69,1394158,764.48,766.2195,755.8
14-09-16,762.49,1093723,759.61,767.68,759.11
15-09-16,771.76,1344945,762.89,773.8,759.96
16-09-16,768.88,2047036,769.75,769.75,764.66
19-09-16,765.7,1171969,772.42,774,764.4406
20-09-16,771.41,975434,769,773.33,768.53
21-09-16,776.22,1166290,772.66,777.16,768.301
22-09-16,787.21,1483899,780,789.85,778.44
23-09-16,786.9,1411439,786.59,788.93,784.15
26-09-16,774.21,1531788,782.74,782.74,773.07
27-09-16,783.01,1152760,775.5,785.9899,774.308
28-09-16,781.56,1108249,777.85,781.81,774.97
29-09-16,775.01,1310252,781.44,785.8,774.232
30-09-16,777.29,1583293,776.33,780.94,774.09
03-10-16,772.56,1276614,774.25,776.065,769.5
04-10-16,776.43,1198361,776.03,778.71,772.89
05-10-16,776.47,1457661,779.31,782.07,775.65
06-10-16,776.86,1066910,779,780.48,775.54
07-10-16,775.08,932444,779.66,779.66,770.75
10-10-16,785.94,1161410,777.71,789.38,775.87
11-10-16,783.07,1371461,786.66,792.28,780.58
12-10-16,786.14,935138,783.76,788.13,782.06
13-10-16,778.19,1360619,781.22,781.22,773
14-10-16,778.53,851512,781.65,783.95,776
17-10-16,779.96,1091524,779.8,785.85,777.5
18-10-16,795.26,2046338,787.85,801.61,785.565
19-10-16,801.56,1762990,798.86,804.63,797.635
20-10-16,796.97,1755546,803.3,803.97,796.03
21-10-16,799.37,1262042,795,799.5,794
24-10-16,813.11,1693162,804.9,815.18,804.82
25-10-16,807.67,1575020,816.68,816.68,805.14
26-10-16,799.07,1645403,806.34,806.98,796.32
27-10-16,795.35,2723097,801,803.49,791.5
28-10-16,795.37,4261912,808.35,815.49,793.59
31-10-16,784.54,2420892,795.47,796.86,784
01-11-16,783.61,2404898,782.89,789.49,775.54
02-11-16,768.7,1905814,778.2,781.65,763.4496
03-11-16,762.13,1933937,767.25,769.95,759.03
04-11-16,762.02,2131948,750.66,770.36,750.5611
07-11-16,782.52,1574426,774.5,785.19,772.55
08-11-16,790.51,1361472,783.4,795.633,780.19
09-11-16,785.31,2603860,779.94,791.2265,771.67
10-11-16,762.56,4733916,791.17,791.17,752.18
11-11-16,754.02,2421889,756.54,760.78,750.38
14-11-16,736.08,3644965,755.6,757.85,727.54
15-11-16,758.49,2375056,746.97,764.4162,746.97
16-11-16,764.48,1468196,755.2,766.36,750.51
17-11-16,771.23,1298484,766.92,772.7,764.23
18-11-16,760.54,1528555,771.37,775,760
21-11-16,769.2,1324431,762.61,769.7,760.6
22-11-16,768.27,1592372,772.63,776.96,767
23-11-16,760.99,1477501,767.73,768.2825,755.25
25-11-16,761.68,587421,764.26,765,760.52
28-11-16,768.24,2177039,760,779.53,759.8
29-11-16,770.84,1616427,771.53,778.5,768.24
30-11-16,758.04,2386628,770.07,772.99,754.83
01-12-16,747.92,3017001,757.44,759.85,737.0245
02-12-16,750.5,1452181,744.59,754,743.1
05-12-16,762.52,1393566,757.71,763.9,752.9
06-12-16,759.11,1690365,764.73,768.83,757.34
07-12-16,771.19,1757710,761,771.36,755.8
08-12-16,776.42,1487517,772.48,778.18,767.23
09-12-16,789.29,1821146,780,789.43,779.021
12-12-16,789.27,2102288,785.04,791.25,784.3554
13-12-16,796.1,2122735,793.9,804.3799,793.34
14-12-16,797.07,1700875,797.4,804,794.01
15-12-16,797.85,1623709,797.34,803,792.92
16-12-16,790.8,2435100,800.4,800.8558,790.29
19-12-16,794.2,1231966,790.22,797.66,786.27
20-12-16,796.42,950345,796.76,798.65,793.27
21-12-16,794.56,1208770,795.84,796.6757,787.1
22-12-16,791.26,972147,792.36,793.32,788.58
23-12-16,789.91,623682,790.9,792.74,787.28
27-12-16,791.55,789151,790.68,797.86,787.657
28-12-16,785.05,1142148,793.7,794.23,783.2
29-12-16,782.79,743808,783.33,785.93,778.92
30-12-16,771.82,1769809,782.75,782.78,770.41
03-01-17,786.14,1657291,778.81,789.63,775.8
04-01-17,786.9,1071198,788.36,791.34,783.16
05-01-17,794.02,1334028,786.08,794.48,785.02
06-01-17,806.15,1639246,795.26,807.9,792.2041
09-01-17,806.65,1274318,806.4,809.9664,802.83
10-01-17,804.79,1176637,807.86,809.1299,803.51
11-01-17,807.91,1065360,805,808.15,801.37
12-01-17,806.36,1352872,807.14,807.39,799.17
13-01-17,807.88,1098154,807.48,811.2244,806.69
17-01-17,804.61,1361935,807.08,807.14,800.37
18-01-17,806.07,1293893,805.81,806.205,800.99
19-01-17,802.175,917085,805.12,809.48,801.8
20-01-17,805.02,1668638,806.91,806.91,801.69
23-01-17,819.31,1962506,807.25,820.87,803.74
24-01-17,823.87,1472228,822.3,825.9,817.821
25-01-17,835.67,1612854,829.62,835.77,825.06
26-01-17,832.15,2944642,837.81,838,827.01
27-01-17,823.31,2964989,834.71,841.95,820.44
30-01-17,802.32,3243568,814.66,815.84,799.8
31-01-17,796.79,2153957,796.86,801.25,790.52
01-02-17,795.695,2027708,799.68,801.19,791.19
02-02-17,798.53,1530827,793.8,802.7,792
03-02-17,801.49,1461217,802.99,806,800.37
06-02-17,801.34,1182882,799.7,801.67,795.2501
07-02-17,806.97,1240257,803.99,810.5,801.78
08-02-17,808.38,1155892,807,811.84,803.1903
09-02-17,809.56,990260,809.51,810.66,804.54
10-02-17,813.67,1134701,811.7,815.25,809.78
13-02-17,819.24,1205835,816,820.959,815.49
14-02-17,820.45,1054472,819,823,816
15-02-17,818.98,1311316,819.36,823,818.47
16-02-17,824.16,1285919,819.93,824.4,818.98
17-02-17,828.07,1602549,823.02,828.07,821.655
21-02-17,831.66,1259841,828.66,833.45,828.35
22-02-17,830.76,983058,828.66,833.25,828.64
23-02-17,831.33,1471342,830.12,832.46,822.88
24-02-17,828.64,1392039,827.73,829,824.2
27-02-17,829.28,1101120,824.55,830.5,824
28-02-17,823.21,2258695,825.61,828.54,820.2
01-03-17,835.24,1495934,828.85,836.255,827.26
02-03-17,830.63,937824,833.85,834.51,829.64
03-03-17,829.08,890640,830.56,831.36,825.751
06-03-17,827.78,1108799,826.95,828.88,822.4
07-03-17,831.91,1037573,827.4,833.41,826.52
08-03-17,835.37,988900,833.51,838.15,831.79
09-03-17,838.68,1261393,836,842,834.21
10-03-17,843.25,1702731,843.28,844.91,839.5
13-03-17,845.54,1149928,844,848.685,843.25
14-03-17,845.62,779920,843.64,847.24,840.8
15-03-17,847.2,1381328,847.59,848.63,840.77
16-03-17,848.78,977384,849.03,850.85,846.13
17-03-17,852.12,1712397,851.61,853.4,847.11
20-03-17,848.4,1217560,850.01,850.22,845.15
21-03-17,830.46,2461375,851.4,853.5,829.02
22-03-17,829.59,1399409,831.91,835.55,827.1801
23-03-17,817.58,3485390,821,822.57,812.257
24-03-17,814.43,1980415,820.08,821.93,808.89
27-03-17,819.51,1894735,806.95,821.63,803.37
28-03-17,820.92,1620532,820.41,825.99,814.027
29-03-17,831.41,1785006,825,832.765,822.3801
30-03-17,831.5,1055263,833.5,833.68,829
31-03-17,829.56,1401756,828.97,831.64,827.39
03-04-17,838.55,1670349,829.22,840.85,829.22
04-04-17,834.57,1044455,831.36,835.18,829.0363
05-04-17,831.41,1553163,835.51,842.45,830.72
06-04-17,827.88,1254235,832.4,836.39,826.46
07-04-17,824.67,1056692,827.96,828.485,820.5127
10-04-17,824.73,978825,825.39,829.35,823.77
11-04-17,823.35,1078951,824.71,827.4267,817.0201
12-04-17,824.32,900059,821.93,826.66,821.02
13-04-17,823.56,1118221,822.14,826.38,821.44
17-04-17,837.17,894540,825.01,837.75,824.47
18-04-17,836.82,835433,834.22,838.93,832.71
19-04-17,838.21,954324,839.79,842.22,836.29
20-04-17,841.65,957994,841.44,845.2,839.32
21-04-17,843.19,1323364,842.88,843.88,840.6
24-04-17,862.76,1371722,851.2,863.45,849.86
25-04-17,872.3,1670095,865,875,862.81
26-04-17,871.73,1233724,874.23,876.05,867.7481
27-04-17,874.25,2009509,873.6,875.4,870.38
28-04-17,905.96,3223850,910.66,916.85,905.77
01-05-17,912.57,2114629,901.94,915.68,901.45
02-05-17,916.44,1543696,909.62,920.77,909.4526
03-05-17,927.04,1497565,914.86,928.1,912.5426
04-05-17,931.66,1421938,926.07,935.93,924.59
05-05-17,927.13,1910317,933.54,934.9,925.2
08-05-17,934.3,1328885,926.12,936.925,925.26
09-05-17,932.17,1581236,936.95,937.5,929.53
10-05-17,928.78,1173887,931.98,932,925.16
11-05-17,930.6,834997,925.32,932.53,923.0301
12-05-17,932.22,1050377,931.53,933.44,927.85
15-05-17,937.08,1104595,932.95,938.25,929.34
16-05-17,943,968288,940,943.11,937.58
17-05-17,919.62,2357922,935.67,939.3325,918.14
18-05-17,930.24,1596058,921,933.17,918.75
19-05-17,934.01,1389848,931.47,937.755,931
22-05-17,941.86,1118456,935,941.8828,935
23-05-17,948.82,1269438,947.92,951.4666,942.575
24-05-17,954.96,1031408,952.98,955.09,949.5
25-05-17,969.54,1659422,957.33,972.629,955.47
26-05-17,971.47,1251425,969.7,974.98,965.03
30-05-17,975.88,1466288,970.31,976.2,969.49
31-05-17,964.86,2447176,975.02,979.27,960.18
01-06-17,966.95,1408958,968.95,971.5,960.01
02-06-17,975.6,1750723,969.46,975.88,966
05-06-17,983.68,1251903,976.55,986.91,975.1
06-06-17,976.57,1814323,983.16,988.25,975.14
07-06-17,981.08,1447172,979.65,984.15,975.77
08-06-17,983.41,1477151,982.35,984.57,977.2
09-06-17,949.83,3305545,984.5,984.5,935.63
12-06-17,942.9,3762434,939.56,949.355,915.2328
13-06-17,953.4,2012980,951.91,959.98,944.09
14-06-17,950.76,1487378,959.92,961.15,942.25
15-06-17,942.31,2065271,933.97,943.339,924.44
16-06-17,939.78,3061794,940,942.04,931.595
19-06-17,957.37,1520715,949.96,959.99,949.05
20-06-17,950.63,1125520,957.52,961.62,950.01
21-06-17,959.45,1201971,953.64,960.1,950.76
22-06-17,957.09,941639,958.7,960.72,954.55
23-06-17,965.59,1527513,956.83,966,954.2
26-06-17,952.27,1596664,969.9,973.31,950.79
27-06-17,927.33,2566047,942.46,948.29,926.85
28-06-17,940.49,2719213,929,942.75,916
29-06-17,917.79,3287991,929.92,931.26,910.62
30-06-17,908.73,2086340,926.05,926.05,908.31
03-07-17,898.7,1710373,912.18,913.94,894.79
05-07-17,911.71,1813309,901.76,914.51,898.5
06-07-17,906.69,1424290,904.12,914.9444,899.7
07-07-17,918.59,1590456,908.85,921.54,908.85
10-07-17,928.8,1190237,921.77,930.38,919.59
11-07-17,930.09,1112417,929.54,931.43,922
12-07-17,943.83,1517168,938.68,946.3,934.47
13-07-17,947.16,1294674,946.29,954.45,943.01
14-07-17,955.99,1052855,952,956.91,948.005
17-07-17,953.42,1164141,957,960.74,949.2407
18-07-17,965.4,1152741,953,968.04,950.6
19-07-17,970.89,1221155,967.84,973.04,964.03
20-07-17,968.15,1620636,975,975.9,961.51
21-07-17,972.92,1697190,962.25,973.23,960.15
24-07-17,980.34,3205374,972.22,986.2,970.77
25-07-17,950.7,4656609,953.81,959.7,945.4
26-07-17,947.8,2069349,954.68,955,942.2788
27-07-17,934.09,3128819,951.78,951.78,920
28-07-17,941.53,1802343,929.4,943.83,927.5
31-07-17,930.5,1964748,941.89,943.59,926.04
01-08-17,930.83,1234612,932.38,937.447,929.26
02-08-17,930.39,1822272,928.61,932.6,916.68
03-08-17,923.65,1201519,930.34,932.24,922.24
04-08-17,927.96,1081814,926.75,930.3068,923.03
07-08-17,929.36,1031710,929.06,931.7,926.5
08-08-17,926.79,1057351,927.09,935.814,925.6095
09-08-17,922.9,1191332,920.61,925.98,917.2501
10-08-17,907.24,1755521,917.55,919.26,906.13
11-08-17,914.39,1205652,907.97,917.78,905.58
14-08-17,922.67,1063404,922.53,924.668,918.19
15-08-17,922.22,882479,924.23,926.5499,919.82
16-08-17,926.96,1005261,925.29,932.7,923.445
17-08-17,910.98,1241782,925.78,926.86,910.98
18-08-17,910.67,1341990,910.31,915.275,907.1543
21-08-17,906.66,942328,910,913,903.4
22-08-17,924.69,1166320,912.72,925.86,911.4751
23-08-17,927,1088575,921.93,929.93,919.36
24-08-17,921.28,1266191,928.66,930.84,915.5
25-08-17,915.89,1052764,923.49,925.555,915.5
28-08-17,913.81,1085014,916,919.245,911.87
29-08-17,921.29,1181391,905.1,923.33,905
30-08-17,929.57,1300616,920.05,930.819,919.65
31-08-17,939.33,1566888,931.76,941.98,931.76
01-09-17,937.34,943657,941.13,942.48,935.15
05-09-17,928.45,1346791,933.08,937,921.96
06-09-17,927.81,1526209,930.15,930.915,919.27
07-09-17,935.95,1211472,931.73,936.41,923.62
08-09-17,926.5,997699,936.49,936.99,924.88
11-09-17,929.08,1266020,934.25,938.38,926.92
12-09-17,932.07,1133638,932.59,933.48,923.861
13-09-17,935.09,1101145,930.66,937.25,929.86
14-09-17,925.11,1395497,931.25,932.77,924
15-09-17,920.29,2499466,924.66,926.49,916.36
18-09-17,915,1300759,920.01,922.08,910.6
19-09-17,921.81,912967,917.42,922.4199,912.55
20-09-17,931.58,1535626,922.98,933.88,922
21-09-17,932.45,1227059,933,936.53,923.83
22-09-17,928.53,1052170,927.75,934.73,926.48
25-09-17,920.97,1855742,925.45,926.4,909.7
26-09-17,924.86,1666749,923.72,930.82,921.14
27-09-17,944.49,2237538,927.74,949.9,927.74
28-09-17,949.5,997036,941.36,950.69,940.55
29-09-17,959.11,1576365,952,959.7864,951.51
02-10-17,953.27,1282850,959.98,962.54,947.84
03-10-17,957.79,888303,954,958,949.14
04-10-17,951.68,951766,957,960.39,950.69
05-10-17,969.96,1210427,955.49,970.91,955.18
06-10-17,978.89,1146207,966.7,979.46,963.36
09-10-17,977,890620,980,985.425,976.11
10-10-17,972.6,968113,980,981.57,966.0801
11-10-17,989.25,1692843,973.72,990.71,972.25
12-10-17,987.83,1278357,987.45,994.12,985
13-10-17,989.68,1169584,992,997.21,989
16-10-17,992,910246,992.1,993.9065,984
17-10-17,992.18,1290152,990.29,996.44,988.59
18-10-17,992.81,1057285,991.77,996.72,986.9747
19-10-17,984.45,1312706,986,988.88,978.39
20-10-17,988.2,1176177,989.44,991,984.58
23-10-17,968.45,1471544,989.52,989.52,966.12
24-10-17,970.54,1206074,970,972.23,961
25-10-17,973.33,1210368,968.37,976.09,960.5201
26-10-17,972.56,2027218,980,987.6,972.2
27-10-17,1019.27,5165922,1009.19,1048.39,1008.2
30-10-17,1017.11,2083490,1014,1024.97,1007.5
31-10-17,1016.64,1331265,1015.22,1024,1010.42
01-11-17,1025.5,1371619,1017.21,1029.67,1016.95
02-11-17,1025.58,1048584,1021.76,1028.09,1013.01
03-11-17,1032.48,1075134,1022.11,1032.65,1020.31
06-11-17,1025.9,1124757,1028.99,1034.87,1025
07-11-17,1033.33,1112123,1027.27,1033.97,1025.13
08-11-17,1039.85,1088395,1030.52,1043.522,1028.45
09-11-17,1031.26,1244701,1033.99,1033.99,1019.6656
10-11-17,1028.07,720674,1026.46,1030.76,1025.28
13-11-17,1025.75,885565,1023.42,1031.58,1022.57
14-11-17,1026,958708,1022.59,1026.81,1014.15
15-11-17,1020.91,847932,1019.21,1024.09,1015.42
16-11-17,1032.5,1129424,1022.52,1035.92,1022.52
17-11-17,1019.09,1366936,1034.01,1034.42,1017.75
20-11-17,1018.38,898389,1020.26,1022.61,1017.5
21-11-17,1034.49,1096161,1023.31,1035.11,1022.655
22-11-17,1035.96,746351,1035,1039.706,1031.43
24-11-17,1040.61,536996,1035.87,1043.178,1035
27-11-17,1054.21,1307471,1040,1055.46,1038.44
28-11-17,1047.41,1421027,1055.09,1062.375,1040
29-11-17,1021.66,2442974,1042.68,1044.08,1015.65
30-11-17,1021.41,1723003,1022.37,1028.4899,1015
01-12-17,1010.17,1908962,1015.8,1022.4897,1002.02
04-12-17,998.68,1906058,1012.66,1016.1,995.57
05-12-17,1005.15,2066247,995.94,1020.61,988.28
06-12-17,1018.38,1258496,1001.5,1024.97,1001.14
07-12-17,1030.93,1458145,1020.43,1034.24,1018.071
08-12-17,1037.05,1288419,1037.49,1042.05,1032.5222
11-12-17,1041.1,1190527,1035.5,1043.8,1032.0504
12-12-17,1040.48,1279511,1039.63,1050.31,1033.6897
13-12-17,1040.61,1220364,1046.12,1046.665,1038.38
14-12-17,1049.15,1558684,1045,1058.5,1043.11
15-12-17,1064.19,3275091,1054.61,1067.62,1049.5
18-12-17,1077.14,1552016,1066.08,1078.49,1062
19-12-17,1070.68,1307894,1075.2,1076.84,1063.55
20-12-17,1064.95,1268285,1071.78,1073.38,1061.52
21-12-17,1063.63,986548,1064.95,1069.33,1061.7938
22-12-17,1060.12,755089,1061.11,1064.2,1059.44
26-12-17,1056.74,761097,1058.07,1060.12,1050.2
27-12-17,1049.37,1271780,1057.39,1058.37,1048.05
28-12-17,1048.14,833011,1051.6,1054.75,1044.77
29-12-17,1046.4,886845,1046.72,1049.7,1044.9
02-01-18,1065,1236401,1048.34,1066.94,1045.23
03-01-18,1082.48,1429757,1064.31,1086.29,1063.21
04-01-18,1086.4,1002945,1088,1093.5699,1084.0017
05-01-18,1102.23,1279990,1094,1104.25,1092
08-01-18,1106.94,1046767,1102.23,1111.27,1101.62
09-01-18,1106.26,900089,1109.4,1110.57,1101.2307
10-01-18,1102.61,1042273,1097.1,1104.6,1096.11
11-01-18,1105.52,977727,1106.3,1106.525,1099.59
12-01-18,1122.26,1718491,1102.41,1124.29,1101.15
16-01-18,1121.76,1566662,1132.51,1139.91,1117.8316
17-01-18,1131.98,1200476,1126.22,1132.6,1117.01
18-01-18,1129.79,1194943,1131.41,1132.51,1117.5
19-01-18,1137.51,1390118,1131.83,1137.86,1128.3
22-01-18,1155.81,1616120,1137.49,1159.88,1135.1101
23-01-18,1169.97,1309862,1159.85,1171.6266,1158.75
24-01-18,1164.24,1382904,1177.33,1179.86,1161.05
25-01-18,1170.37,1461518,1172.53,1175.94,1162.76
26-01-18,1175.84,1981173,1175.08,1175.84,1158.11
29-01-18,1175.58,1337324,1176.48,1186.89,1171.98
30-01-18,1163.69,1541771,1167.83,1176.52,1163.52
31-01-18,1169.94,1523820,1170.57,1173,1159.13
01-02-18,1167.7,2380221,1162.61,1174,1157.52
02-02-18,1111.9,4837979,1122,1123.07,1107.2779
05-02-18,1055.8,3769453,1090.6,1110,1052.03
06-02-18,1080.6,3432313,1027.18,1081.71,1023.1367
07-02-18,1048.58,2353003,1081.54,1081.78,1048.26
08-02-18,1001.52,2809890,1055.41,1058.62,1000.66
09-02-18,1037.78,3503970,1017.25,1043.97,992.56
12-02-18,1051.94,2054002,1048,1061.5,1040.928
13-02-18,1052.1,1213800,1045,1058.37,1044.0872
14-02-18,1069.7,1547665,1048.95,1071.72,1046.75
15-02-18,1089.52,1785552,1079.07,1091.4794,1064.34
16-02-18,1094.8,1680283,1088.41,1104.67,1088.3134
20-02-18,1102.46,1389491,1090.57,1113.95,1088.52
21-02-18,1111.34,1507152,1106.47,1133.97,1106.33
22-02-18,1106.63,1309536,1116.19,1122.82,1102.59
23-02-18,1126.79,1190432,1112.64,1127.28,1104.7135
26-02-18,1143.75,1514920,1127.8,1143.96,1126.695
27-02-18,1118.29,1772866,1141.24,1144.04,1118
28-02-18,1104.73,1873737,1123.03,1127.53,1103.24
01-03-18,1069.52,2511872,1107.87,1110.12,1067.001
02-03-18,1078.92,2271394,1053.08,1081.9986,1048.115
05-03-18,1090.93,1141932,1075.14,1097.1,1069.0001
06-03-18,1095.06,1497087,1099.22,1101.85,1089.775
07-03-18,1109.64,1277439,1089.19,1112.22,1085.4823
08-03-18,1126,1393529,1115.32,1127.6,1112.8
09-03-18,1160.04,2121425,1136,1160.8,1132.4606
12-03-18,1164.5,2106548,1163.85,1177.05,1157.42
13-03-18,1138.17,1874176,1170,1176.76,1133.33
14-03-18,1149.49,1290638,1145.21,1158.59,1141.44
15-03-18,1149.58,1397767,1149.96,1161.08,1134.54
16-03-18,1135.73,2614871,1154.14,1155.88,1131.96
19-03-18,1099.82,2355186,1120.01,1121.99,1089.01
20-03-18,1097.71,1802209,1099,1105.2,1083.46
21-03-18,1090.88,1878294,1092.74,1106.2999,1085.15
22-03-18,1049.08,2584639,1081.88,1082.9,1045.91
23-03-18,1021.57,2147097,1047.03,1063.36,1021.22
26-03-18,1053.21,2593808,1046,1055.63,1008.4
27-03-18,1005.1,3081612,1063,1064.8393,996.92
28-03-18,1004.56,3345046,998,1024.23,980.64
29-03-18,1031.79,2714402,1011.63,1043,1002.9
02-04-18,1006.47,2679214,1022.82,1034.8,990.37
03-04-18,1013.41,2271858,1013.91,1020.99,994.07
04-04-18,1025.14,2464418,993.41,1028.7175,993
05-04-18,1027.81,1345681,1041.33,1042.79,1020.1311
06-04-18,1007.04,1740896,1020,1031.42,1003.03
09-04-18,1015.45,1738682,1016.8,1039.6,1014.08
10-04-18,1031.64,1983510,1026.44,1036.28,1011.34
11-04-18,1019.97,1476133,1027.99,1031.3641,1015.87
12-04-18,1032.51,1357599,1025.04,1040.69,1021.4347
13-04-18,1029.27,1175754,1040.88,1046.42,1022.98
16-04-18,1037.98,1194144,1037,1043.24,1026.74
17-04-18,1074.16,2311903,1051.37,1077.88,1048.26
18-04-18,1072.08,1336678,1077.43,1077.43,1066.225
19-04-18,1087.7,1741907,1069.4,1094.165,1068.18
20-04-18,1072.96,1887698,1082,1092.35,1069.57
23-04-18,1067.45,2278846,1077.86,1082.72,1060.7
24-04-18,1019.98,4750851,1052,1057,1010.59
25-04-18,1021.18,2225495,1025.52,1032.49,1015.31
26-04-18,1040.04,1984448,1029.51,1047.98,1018.19
27-04-18,1030.05,1617452,1046,1049.5,1025.59
30-04-18,1017.33,1664084,1030.01,1037,1016.85
01-05-18,1037.31,1427171,1013.66,1038.47,1008.21
02-05-18,1024.38,1534094,1028.1,1040.389,1022.87
03-05-18,1023.72,1813623,1019,1029.675,1006.29
04-05-18,1048.21,1936797,1016.9,1048.51,1016.9
07-05-18,1054.79,1464008,1049.23,1061.68,1047.1
08-05-18,1053.91,1217260,1058.54,1060.55,1047.145
09-05-18,1082.76,2032319,1058.1,1085.44,1056.365
10-05-18,1097.57,1441456,1086.03,1100.44,1085.64
11-05-18,1098.26,1253205,1093.6,1101.3295,1090.91
14-05-18,1100.2,1450140,1100,1110.75,1099.11
15-05-18,1079.23,1494306,1090,1090.05,1073.47
16-05-18,1081.77,989819,1077.31,1089.27,1076.26
17-05-18,1078.59,1031190,1079.89,1086.87,1073.5
18-05-18,1066.36,1496448,1061.86,1069.94,1060.68
21-05-18,1079.58,1012258,1074.06,1088,1073.65
22-05-18,1069.73,1088700,1083.56,1086.59,1066.69
23-05-18,1079.69,1057712,1065.13,1080.78,1061.71
24-05-18,1079.24,757752,1079,1080.47,1066.15
25-05-18,1075.66,878903,1079.02,1082.56,1073.775
29-05-18,1060.32,1858676,1064.89,1073.37,1055.22
30-05-18,1067.8,1129958,1063.03,1069.21,1056.83
31-05-18,1084.99,3085325,1067.56,1097.19,1067.56
01-06-18,1119.5,2416755,1099.35,1120,1098.5
04-06-18,1139.29,1881046,1122.33,1141.89,1122.005
05-06-18,1139.66,1538169,1140.99,1145.738,1133.19
06-06-18,1136.88,1697489,1142.17,1143,1125.7429
07-06-18,1123.86,1519860,1131.32,1135.82,1116.52
08-06-18,1120.87,1289859,1118.18,1126.67,1112.15
11-06-18,1129.99,1071114,1118.6,1137.26,1118.6
12-06-18,1139.32,899231,1131.07,1139.79,1130.735
13-06-18,1134.79,1490017,1141.12,1146.5,1133.38
14-06-18,1152.12,1350085,1143.85,1155.47,1140.64
15-06-18,1152.26,2119134,1148.86,1153.42,1143.485
18-06-18,1173.46,1400641,1143.65,1174.31,1143.59
19-06-18,1168.06,1616125,1158.5,1171.27,1154.01
20-06-18,1169.84,1648248,1175.31,1186.2856,1169.16
21-06-18,1157.66,1232352,1174.85,1177.295,1152.232
22-06-18,1155.48,1310164,1159.14,1162.4965,1147.26
25-06-18,1124.81,2155276,1143.6,1143.91,1112.78
26-06-18,1118.46,1559791,1128,1133.21,1116.6589
27-06-18,1103.98,1287698,1121.34,1131.8362,1103.62
28-06-18,1114.22,1072438,1102.09,1122.31,1096.01
29-06-18,1115.65,1275979,1120,1128.2265,1115
02-07-18,1127.46,1188616,1099,1128,1093.8
03-07-18,1102.89,679034,1135.82,1135.82,1100.02
05-07-18,1124.27,1060752,1110.53,1127.5,1108.48
06-07-18,1140.17,966155,1123.58,1140.93,1120.7371
09-07-18,1154.05,906073,1148.48,1154.67,1143.42
10-07-18,1152.84,789249,1156.98,1159.59,1149.59
11-07-18,1153.9,1094301,1144.59,1164.29,1141.0003
12-07-18,1183.48,1251083,1159.89,1184.41,1155.935
13-07-18,1188.82,1221687,1185,1195.4173,1180
16-07-18,1183.86,1049560,1189.39,1191,1179.28
17-07-18,1198.8,1585091,1172.22,1203.04,1170.6
18-07-18,1195.88,1391232,1196.56,1204.5,1190.34
19-07-18,1186.96,1256113,1191,1200,1183.32
20-07-18,1184.91,1246898,1186.96,1196.86,1184.22
23-07-18,1205.5,2584034,1181.01,1206.49,1181
24-07-18,1248.08,3303268,1262.59,1266,1235.56
25-07-18,1263.7,2115890,1239.13,1265.86,1239.13
26-07-18,1268.33,2334881,1251,1269.7707,1249.02
27-07-18,1238.5,2115802,1271,1273.89,1231
30-07-18,1219.74,1822782,1228.01,1234.916,1211.47
31-07-18,1217.26,1632823,1220.01,1227.5877,1205.6
01-08-18,1220.01,1567142,1228,1233.47,1210.21
02-08-18,1226.15,1520488,1205.9,1229.88,1204.79
03-08-18,1223.71,1072524,1229.62,1230,1215.06
06-08-18,1224.77,1080923,1225,1226.0876,1215.7965
07-08-18,1242.22,1493073,1237,1251.17,1236.17
08-08-18,1245.61,1369650,1240.47,1256.5,1238.0083
09-08-18,1249.1,805227,1249.9,1255.542,1246.01
10-08-18,1237.61,1107323,1243,1245.695,1232
13-08-18,1235.01,957153,1236.98,1249.2728,1233.6405
14-08-18,1242.1,1342534,1235.19,1245.8695,1225.11
15-08-18,1214.38,1815642,1229.26,1235.24,1209.51
16-08-18,1206.49,1319985,1224.73,1225.9999,1202.55
17-08-18,1200.96,1381724,1202.03,1209.02,1188.24
20-08-18,1207.77,864462,1205.02,1211,1194.6264
21-08-18,1201.62,1187884,1208,1217.26,1200.3537
22-08-18,1207.33,881463,1200,1211.84,1199
23-08-18,1205.38,988509,1207.14,1221.28,1204.24
24-08-18,1220.65,946529,1208.82,1221.65,1206.3588
27-08-18,1241.82,1154962,1227.6,1243.09,1225.716
28-08-18,1231.15,1296532,1241.29,1242.545,1228.69
29-08-18,1249.3,1295939,1237.45,1250.66,1236.3588
30-08-18,1239.12,1320261,1244.23,1253.635,1232.59
31-08-18,1218.19,1812366,1234.98,1238.66,1211.2854
04-09-18,1197,1800509,1204.27,1212.99,1192.5
05-09-18,1186.48,2043732,1193.8,1199.0096,1162
06-09-18,1171.44,1886690,1186.3,1186.3,1152
07-09-18,1164.83,1401034,1158.67,1175.26,1157.215
10-09-18,1164.64,1115259,1172.19,1174.54,1160.11
11-09-18,1177.36,1209171,1161.63,1178.68,1156.24
12-09-18,1162.82,1291304,1172.72,1178.61,1158.36
13-09-18,1175.33,1402005,1170.74,1178.61,1162.85
14-09-18,1172.53,934300,1179.1,1180.425,1168.3295
17-09-18,1156.05,1279147,1170.14,1177.24,1154.03
18-09-18,1161.22,1184407,1157.09,1176.08,1157.09
19-09-18,1171.09,1185321,1164.98,1173.21,1154.58
20-09-18,1186.87,1209855,1179.99,1189.89,1173.36
21-09-18,1166.09,4363929,1192,1192.21,1166.04
24-09-18,1173.37,1218532,1157.17,1178,1146.91
25-09-18,1184.65,937577,1176.15,1186.88,1168
26-09-18,1180.49,1346434,1185.15,1194.23,1174.765
27-09-18,1194.64,1244278,1186.73,1202.1,1183.63
28-09-18,1193.47,1306822,1191.87,1195.41,1184.5
01-10-18,1195.31,1345250,1199.89,1209.9,1190.3
02-10-18,1200.11,1655602,1190.96,1209.96,1186.63
03-10-18,1202.95,1207280,1205,1206.41,1193.83
04-10-18,1168.19,2151762,1195.33,1197.51,1155.576
05-10-18,1157.35,1184245,1167.5,1173.4999,1145.12
08-10-18,1148.97,1877142,1150.11,1168,1127.3636
09-10-18,1138.82,1308706,1146.15,1154.35,1137.572
10-10-18,1081.22,2574985,1131.08,1132.17,1081.13
11-10-18,1079.32,2939514,1072.94,1106.4,1068.27
12-10-18,1110.08,2029872,1108,1115,1086.402
15-10-18,1092.25,1343231,1108.91,1113.4464,1089
16-10-18,1121.28,1845491,1104.59,1124.22,1102.5
17-10-18,1115.69,1397613,1126.46,1128.99,1102.19
18-10-18,1087.97,2056606,1121.84,1121.84,1077.09
19-10-18,1096.46,1264605,1093.37,1110.36,1087.75
22-10-18,1101.16,1494285,1103.06,1112.23,1091
23-10-18,1103.69,1847798,1080.89,1107.89,1070
24-10-18,1050.71,1910060,1104.25,1106.12,1048.74
25-10-18,1095.57,2511884,1071.79,1110.98,1069.55
26-10-18,1071.47,4185201,1037.03,1106.53,1034.09
29-10-18,1020.08,3873644,1082.47,1097.04,995.83
30-10-18,1036.21,3209126,1008.46,1037.49,1000.75
31-10-18,1076.77,2528584,1059.81,1091.94,1057
01-11-18,1070,1456222,1075.8,1083.975,1062.46
02-11-18,1057.79,1829295,1073.73,1082.975,1054.61
05-11-18,1040.09,2436742,1055,1058.47,1021.24
06-11-18,1055.81,1225197,1039.48,1064.345,1038.07
07-11-18,1093.39,2057155,1069,1095.46,1065.9
08-11-18,1082.4,1463022,1091.38,1093.27,1072.2048
09-11-18,1066.15,1343154,1073.99,1075.56,1053.11
12-11-18,1038.63,1429319,1061.39,1062.12,1031
13-11-18,1036.05,1496534,1043.29,1056.605,1031.15
14-11-18,1043.66,1561656,1050,1054.5643,1031
15-11-18,1064.71,1819132,1044.71,1071.85,1031.78
16-11-18,1061.49,1641232,1059.41,1067,1048.98
19-11-18,1020,1837207,1057.2,1060.79,1016.2601
20-11-18,1025.76,2447254,1000,1031.74,996.02
21-11-18,1037.61,1531676,1036.76,1048.56,1033.47
23-11-18,1023.88,691462,1030,1037.59,1022.3992
26-11-18,1048.62,1846430,1038.35,1049.31,1033.91
27-11-18,1044.41,1801334,1041,1057.58,1038.49
28-11-18,1086.23,2399374,1048.76,1086.84,1035.76
29-11-18,1088.3,1403540,1076.08,1094.245,1076
30-11-18,1094.43,2554416,1089.07,1095.57,1077.88
03-12-18,1106.43,1900355,1123.14,1124.65,1103.6645
04-12-18,1050.82,2278200,1103.12,1104.42,1049.98
06-12-18,1068.73,2758098,1034.26,1071.2,1030.7701
07-12-18,1036.58,2098526,1060.01,1075.26,1028.5
10-12-18,1039.55,1793465,1035.05,1048.45,1023.29
11-12-18,1051.75,1354751,1056.49,1060.6,1039.84
12-12-18,1063.68,1523276,1068,1081.65,1062.79
13-12-18,1061.9,1329198,1068.07,1079.7597,1053.93
14-12-18,1042.1,1685802,1049.98,1062.6,1040.79
17-12-18,1016.53,2337631,1037.51,1053.15,1007.9
18-12-18,1028.71,2101854,1026.09,1049.48,1021.44
19-12-18,1023.01,2419322,1033.99,1062,1008.05
20-12-18,1009.41,2659047,1018.13,1034.22,996.36
21-12-18,979.54,4560424,1015.3,1024.02,973.69
24-12-18,976.22,1590328,973.9,1003.54,970.11
26-12-18,1039.46,2337212,989.01,1040,983
27-12-18,1043.88,2102069,1017.15,1043.89,997
28-12-18,1037.08,1399218,1049.62,1055.56,1033.1
31-12-18,1035.61,1492541,1050.96,1052.7,1023.59
02-01-19,1045.85,1516681,1016.57,1052.32,1015.71
03-01-19,1016.06,1829379,1041,1056.98,1014.07
04-01-19,1070.71,2080144,1032.59,1070.84,1027.4179
07-01-19,1068.39,1978077,1071.5,1073.9999,1054.76
08-01-19,1076.28,1748371,1076.11,1084.56,1060.53
09-01-19,1074.66,1198369,1081.65,1082.63,1066.4
10-01-19,1070.33,1444976,1067.66,1071.15,1057.71
11-01-19,1057.19,1512651,1063.18,1063.775,1048.48
14-01-19,1044.69,1127417,1046.92,1051.53,1041.255
15-01-19,1077.15,1452238,1050.17,1080.05,1047.34
16-01-19,1080.97,1320530,1080,1092.375,1079.34
17-01-19,1089.9,1223674,1079.47,1091.8,1073.5
18-01-19,1098.26,1933754,1100,1108.352,1090.9
22-01-19,1070.52,1607398,1088,1091.51,1063.47
23-01-19,1075.57,956526,1077.35,1084.93,1059.75
24-01-19,1073.9,1317718,1076.48,1079.475,1060.7
25-01-19,1090.99,1114785,1085,1094,1081.82
28-01-19,1070.08,1277745,1080.11,1083,1063.8
29-01-19,1060.62,1006731,1072.68,1075.15,1055.8647
30-01-19,1089.06,1241760,1068.43,1091,1066.85
31-01-19,1116.37,1531463,1103,1117.33,1095.41
01-02-19,1110.75,1455609,1112.4,1125,1104.89
04-02-19,1132.8,2518184,1112.66,1132.8,1109.02
05-02-19,1145.99,3529974,1124.84,1146.85,1117.248
06-02-19,1115.23,2101674,1139.57,1147,1112.77
07-02-19,1098.71,2040615,1104.16,1104.84,1086
08-02-19,1095.06,1072031,1087,1098.91,1086.55
11-02-19,1095.01,1063825,1096.95,1105.945,1092.86
12-02-19,1121.37,1608658,1106.8,1125.295,1105.85
13-02-19,1120.16,1048630,1124.99,1134.73,1118.5
14-02-19,1121.67,941678,1118.05,1128.23,1110.445
15-02-19,1113.65,1442461,1130.08,1131.67,1110.65
19-02-19,1118.56,1046315,1110,1121.89,1110
20-02-19,1113.8,1080144,1119.99,1123.41,1105.28
21-02-19,1096.97,1414744,1110.84,1111.94,1092.52
22-02-19,1110.37,1048361,1100.9,1111.24,1095.6
25-02-19,1109.4,1395281,1116,1118.54,1107.27
26-02-19,1115.13,1469761,1105.75,1119.51,1099.92
27-02-19,1116.05,968362,1106.95,1117.98,1101
28-02-19,1119.92,1541068,1111.3,1127.65,1111.01
01-03-19,1140.99,1447454,1124.9,1142.97,1124.75
04-03-19,1147.8,1444774,1146.99,1158.2804,1130.69
05-03-19,1162.03,1422357,1150.06,1169.61,1146.195
06-03-19,1157.86,1094100,1162.49,1167.5658,1155.49
07-03-19,1143.3,1166076,1155.72,1156.755,1134.91
08-03-19,1142.32,1212271,1126.73,1147.08,1123.3
11-03-19,1175.76,1569332,1144.45,1176.19,1144.45
12-03-19,1193.2,2012306,1178.26,1200,1178.26
13-03-19,1193.32,1434816,1200.645,1200.93,1191.94
14-03-19,1185.55,1150950,1194.51,1197.88,1184.48
15-03-19,1184.46,2457597,1193.38,1196.57,1182.61
18-03-19,1184.26,1212506,1183.3,1190,1177.4211
19-03-19,1198.85,1404863,1188.81,1200,1185.87
20-03-19,1223.97,2089367,1197.35,1227.14,1196.17
21-03-19,1231.54,1195899,1216,1231.79,1213.15
22-03-19,1205.5,1668910,1226.32,1230,1202.825
25-03-19,1193,1493841,1196.93,1206.3975,1187.04
26-03-19,1184.62,1894639,1198.53,1202.83,1176.72
27-03-19,1173.02,1362217,1185.5,1187.559,1159.37
28-03-19,1168.49,966843,1171.54,1171.565,1159.4312
29-03-19,1173.31,1269573,1174.9,1178.99,1162.88
01-04-19,1194.43,1188235,1184.1,1196.66,1182
02-04-19,1200.49,800820,1195.32,1201.35,1185.71
03-04-19,1205.92,1014195,1207.48,1216.3,1200.5
04-04-19,1215,949962,1205.94,1215.67,1204.13
05-04-19,1207.15,900950,1214.99,1216.22,1205.03
08-04-19,1203.84,859969,1207.89,1208.69,1199.86
09-04-19,1197.25,865416,1196,1202.29,1193.08
10-04-19,1202.16,724524,1200.68,1203.785,1196.435
11-04-19,1204.62,709417,1203.96,1207.96,1200.13
12-04-19,1217.87,926799,1210,1218.35,1208.11
15-04-19,1221.1,1187353,1218,1224.2,1209.1101
16-04-19,1227.13,855258,1225,1230.82,1220.12
17-04-19,1236.34,1211866,1233,1240.56,1227.82
18-04-19,1236.37,1315676,1239.18,1242,1234.61
22-04-19,1248.84,806577,1235.99,1249.09,1228.31
23-04-19,1264.55,1271195,1250.69,1269,1246.38
24-04-19,1256,1015006,1264.12,1268.01,1255
25-04-19,1263.45,1099614,1264.77,1267.4083,1252.03
26-04-19,1272.18,1228276,1269,1273.07,1260.32
29-04-19,1287.58,2412788,1274,1289.27,1266.2949
30-04-19,1188.48,6194691,1185,1192.81,1175
01-05-19,1168.08,2642983,1188.05,1188.05,1167.18
02-05-19,1162.61,1944817,1167.76,1174.1895,1155.0018
03-05-19,1185.4,1980653,1173.65,1186.8,1169
06-05-19,1189.39,1563943,1166.26,1190.85,1166.26
07-05-19,1174.1,1551368,1180.47,1190.44,1161.04
08-05-19,1166.27,1309514,1172.01,1180.4243,1165.74
09-05-19,1162.38,1185973,1159.03,1169.66,1150.85
10-05-19,1164.27,1314546,1163.59,1172.6,1142.5
13-05-19,1132.03,1860648,1141.96,1147.94,1122.11
14-05-19,1120.44,1836604,1137.21,1140.42,1119.55
15-05-19,1164.21,2289302,1117.87,1171.33,1116.6657
16-05-19,1178.98,1531404,1164.51,1188.16,1162.84
17-05-19,1162.3,1208623,1168.47,1180.15,1160.01
20-05-19,1138.85,1353292,1144.5,1146.7967,1131.4425
21-05-19,1149.63,1160158,1148.49,1152.7077,1137.94
22-05-19,1151.42,914839,1146.75,1158.52,1145.89
23-05-19,1140.77,1199300,1140.5,1145.9725,1129.224
24-05-19,1133.47,1112341,1147.36,1149.765,1131.66
28-05-19,1134.15,1365166,1134,1151.5871,1133.12
29-05-19,1116.46,1538212,1127.52,1129.1,1108.2201
30-05-19,1117.95,951873,1115.54,1123.13,1112.12
31-05-19,1103.63,1508203,1101.29,1109.6,1100.18
03-06-19,1036.23,5130576,1065.5,1065.5,1025
04-06-19,1053.05,2833483,1042.9,1056.05,1033.69
05-06-19,1042.22,2168439,1051.54,1053.55,1030.49
06-06-19,1044.34,1703244,1044.99,1047.49,1033.7
07-06-19,1066.04,1802370,1050.63,1070.92,1048.4
10-06-19,1080.38,1464248,1072.98,1092.66,1072.3216
11-06-19,1078.72,1437063,1093.98,1101.99,1077.6025
12-06-19,1077.03,1061255,1078,1080.93,1067.54
13-06-19,1088.77,1058000,1083.64,1094.17,1080.15
14-06-19,1085.35,1111643,1086.42,1092.69,1080.1721
17-06-19,1092.5,941602,1086.28,1099.18,1086.28
18-06-19,1103.6,1386684,1109.69,1116.39,1098.99
19-06-19,1102.33,1339218,1105.6,1107,1093.48
20-06-19,1111.42,1262011,1119.99,1120.12,1104.74
21-06-19,1121.88,1947591,1109.24,1124.11,1108.08
24-06-19,1115.52,1395696,1119.61,1122,1111.01
25-06-19,1086.35,1546913,1112.66,1114.35,1083.8
26-06-19,1079.8,1810869,1086.5,1092.97,1072.24
27-06-19,1076.01,1004477,1084,1087.1,1075.29
